-- MySQL dump 10.13  Distrib 5.7.17, for Linux (x86_64)
--
-- Host: 127.0.0.1    Database: senseibistro
-- ------------------------------------------------------
-- Server version	5.7.17

/*!40101 SET @OLD_CHARACTER_SET_CLIENT=@@CHARACTER_SET_CLIENT */;
/*!40101 SET @OLD_CHARACTER_SET_RESULTS=@@CHARACTER_SET_RESULTS */;
/*!40101 SET @OLD_COLLATION_CONNECTION=@@COLLATION_CONNECTION */;
/*!40101 SET NAMES utf8 */;
/*!40103 SET @OLD_TIME_ZONE=@@TIME_ZONE */;
/*!40103 SET TIME_ZONE='+00:00' */;
/*!40014 SET @OLD_UNIQUE_CHECKS=@@UNIQUE_CHECKS, UNIQUE_CHECKS=0 */;
/*!40014 SET @OLD_FOREIGN_KEY_CHECKS=@@FOREIGN_KEY_CHECKS, FOREIGN_KEY_CHECKS=0 */;
/*!40101 SET @OLD_SQL_MODE=@@SQL_MODE, SQL_MODE='NO_AUTO_VALUE_ON_ZERO' */;
/*!40111 SET @OLD_SQL_NOTES=@@SQL_NOTES, SQL_NOTES=0 */;

--
-- Table structure for table `items_orders`
--

DROP TABLE IF EXISTS `items_orders`;
/*!40101 SET @saved_cs_client     = @@character_set_client */;
/*!40101 SET character_set_client = utf8 */;
CREATE TABLE `items_orders` (
  `id` int(11) NOT NULL AUTO_INCREMENT,
  `products_id` int(11) NOT NULL,
  `amount` int(11) NOT NULL DEFAULT '1',
  `observations` varchar(1000) NOT NULL,
  `orders_id` int(11) NOT NULL,
  `created_at` timestamp NULL DEFAULT CURRENT_TIMESTAMP,
  `updated_at` timestamp NULL DEFAULT CURRENT_TIMESTAMP ON UPDATE CURRENT_TIMESTAMP,
  PRIMARY KEY (`id`),
  KEY `fk_orders_products1_idx` (`products_id`),
  KEY `fk_items_orders_orders1_idx` (`orders_id`),
  CONSTRAINT `fk_items_orders_orders1` FOREIGN KEY (`orders_id`) REFERENCES `orders` (`id`) ON DELETE NO ACTION ON UPDATE NO ACTION,
  CONSTRAINT `fk_orders_products1` FOREIGN KEY (`products_id`) REFERENCES `products` (`id`) ON DELETE NO ACTION ON UPDATE NO ACTION
) ENGINE=InnoDB AUTO_INCREMENT=29 DEFAULT CHARSET=latin1;
/*!40101 SET character_set_client = @saved_cs_client */;

--
-- Dumping data for table `items_orders`
--

LOCK TABLES `items_orders` WRITE;
/*!40000 ALTER TABLE `items_orders` DISABLE KEYS */;
INSERT INTO `items_orders` VALUES (22,1,42,'LoremQc7pTlqj ipsum dolor sit amet, consectetur adipisicing elit, sed do eiusmod tempor incididunt ut labore et dolore',1,'2017-03-06 16:42:45','2017-03-06 16:42:45'),(23,2,35,'LoremOsKSOwJi ipsum dolor sit amet, consectetur adipisicing elit, sed do eiusmod tempor incididunt ut labore et dolore',1,'2017-03-06 16:42:45','2017-03-06 16:42:45'),(24,3,35279,'Lorem12aQ9Wky ipsum dolor sit amet, consectetur adipisicing elit, sed do eiusmod tempor incididunt ut labore et dolore',1,'2017-03-06 16:42:45','2017-03-06 16:42:45'),(25,2,67772,'LorempiI9pZBQ ipsum dolor sit amet, consectetur adipisicing elit, sed do eiusmod tempor incididunt ut labore et dolore',2,'2017-03-06 16:42:46','2017-03-06 16:42:46'),(26,3,63868,'LoremJPbdSp9v ipsum dolor sit amet, consectetur adipisicing elit, sed do eiusmod tempor incididunt ut labore et dolore',2,'2017-03-06 16:42:46','2017-03-06 16:42:46'),(27,1,86486,'LoremZ3jYU6fU ipsum dolor sit amet, consectetur adipisicing elit, sed do eiusmod tempor incididunt ut labore et dolore',3,'2017-03-06 16:42:46','2017-03-06 16:42:46'),(28,3,36216,'LoremGBvxRNg9 ipsum dolor sit amet, consectetur adipisicing elit, sed do eiusmod tempor incididunt ut labore et dolore',4,'2017-03-06 16:42:46','2017-03-06 16:42:46');
/*!40000 ALTER TABLE `items_orders` ENABLE KEYS */;
UNLOCK TABLES;

--
-- Table structure for table `migrations`
--

DROP TABLE IF EXISTS `migrations`;
/*!40101 SET @saved_cs_client     = @@character_set_client */;
/*!40101 SET character_set_client = utf8 */;
CREATE TABLE `migrations` (
  `id` int(10) unsigned NOT NULL AUTO_INCREMENT,
  `migration` varchar(255) COLLATE utf8mb4_unicode_ci NOT NULL,
  `batch` int(11) NOT NULL,
  PRIMARY KEY (`id`)
) ENGINE=InnoDB AUTO_INCREMENT=3 DEFAULT CHARSET=utf8mb4 COLLATE=utf8mb4_unicode_ci;
/*!40101 SET character_set_client = @saved_cs_client */;

--
-- Dumping data for table `migrations`
--

LOCK TABLES `migrations` WRITE;
/*!40000 ALTER TABLE `migrations` DISABLE KEYS */;
INSERT INTO `migrations` VALUES (1,'2014_10_12_000000_create_users_table',1),(2,'2014_10_12_100000_create_password_resets_table',1);
/*!40000 ALTER TABLE `migrations` ENABLE KEYS */;
UNLOCK TABLES;

--
-- Table structure for table `orders`
--

DROP TABLE IF EXISTS `orders`;
/*!40101 SET @saved_cs_client     = @@character_set_client */;
/*!40101 SET character_set_client = utf8 */;
CREATE TABLE `orders` (
  `id` int(11) NOT NULL AUTO_INCREMENT,
  `delivery_type` int(11) NOT NULL COMMENT '1. domicilio 2. en local\n',
  `status` int(11) NOT NULL DEFAULT '1' COMMENT '1. Pendiente, 2. Confirmado, 3. Cancelado.',
  `created_at` timestamp NULL DEFAULT CURRENT_TIMESTAMP,
  `updated_at` timestamp NULL DEFAULT CURRENT_TIMESTAMP ON UPDATE CURRENT_TIMESTAMP,
  `deleted_at` timestamp NULL DEFAULT NULL,
  `users_id` int(10) unsigned NOT NULL,
  PRIMARY KEY (`id`),
  KEY `fk_orders_users1_idx` (`users_id`),
  CONSTRAINT `fk_orders_users1` FOREIGN KEY (`users_id`) REFERENCES `users` (`id`) ON DELETE NO ACTION ON UPDATE NO ACTION
) ENGINE=InnoDB AUTO_INCREMENT=5 DEFAULT CHARSET=latin1;
/*!40101 SET character_set_client = @saved_cs_client */;

--
-- Dumping data for table `orders`
--

LOCK TABLES `orders` WRITE;
/*!40000 ALTER TABLE `orders` DISABLE KEYS */;
INSERT INTO `orders` VALUES (1,1,1,'2017-03-06 16:42:45','2017-03-06 16:42:45',NULL,1),(2,1,2,'2017-03-06 16:42:46','2017-03-06 16:42:46',NULL,1),(3,2,3,'2017-03-06 16:42:46','2017-03-06 16:42:46',NULL,2),(4,1,4,'2017-03-06 16:42:46','2017-03-06 16:42:46',NULL,2);
/*!40000 ALTER TABLE `orders` ENABLE KEYS */;
UNLOCK TABLES;

--
-- Table structure for table `password_resets`
--

DROP TABLE IF EXISTS `password_resets`;
/*!40101 SET @saved_cs_client     = @@character_set_client */;
/*!40101 SET character_set_client = utf8 */;
CREATE TABLE `password_resets` (
  `email` varchar(255) COLLATE utf8mb4_unicode_ci NOT NULL,
  `token` varchar(255) COLLATE utf8mb4_unicode_ci NOT NULL,
  `created_at` timestamp NULL DEFAULT NULL,
  KEY `password_resets_email_index` (`email`),
  KEY `password_resets_token_index` (`token`)
) ENGINE=InnoDB DEFAULT CHARSET=utf8mb4 COLLATE=utf8mb4_unicode_ci;
/*!40101 SET character_set_client = @saved_cs_client */;

--
-- Dumping data for table `password_resets`
--

LOCK TABLES `password_resets` WRITE;
/*!40000 ALTER TABLE `password_resets` DISABLE KEYS */;
/*!40000 ALTER TABLE `password_resets` ENABLE KEYS */;
UNLOCK TABLES;

--
-- Table structure for table `products`
--

DROP TABLE IF EXISTS `products`;
/*!40101 SET @saved_cs_client     = @@character_set_client */;
/*!40101 SET character_set_client = utf8 */;
CREATE TABLE `products` (
  `id` int(11) NOT NULL AUTO_INCREMENT,
  `name` varchar(100) NOT NULL,
  `description` varchar(500) NOT NULL,
  `value` double NOT NULL,
  `iva` varchar(45) NOT NULL DEFAULT '0',
  `available` tinyint(4) NOT NULL DEFAULT '1',
  `created_at` timestamp NULL DEFAULT CURRENT_TIMESTAMP,
  `updated_at` timestamp NULL DEFAULT CURRENT_TIMESTAMP ON UPDATE CURRENT_TIMESTAMP,
  `deleted_at` timestamp NULL DEFAULT NULL,
  `image1` longblob,
  `mime` varchar(30) DEFAULT NULL,
  PRIMARY KEY (`id`)
) ENGINE=InnoDB AUTO_INCREMENT=5 DEFAULT CHARSET=latin1;
/*!40101 SET character_set_client = @saved_cs_client */;

--
-- Dumping data for table `products`
--

LOCK TABLES `products` WRITE;
/*!40000 ALTER TABLE `products` DISABLE KEYS */;
INSERT INTO `products` VALUES (1,'v4DMAGCD','Lorem do4YTgBi ipsum dolor sit amet, consectetur adipisicing elit, sed do eiusmod tempor incididunt ut labore et dolore magna aliqua. Ut enim ad minim veniam, quis nostrud exercitation ullamco laboris nisi ut aliquip ex ea commodo',98259,'16',1,'2017-03-06 16:42:45','2017-03-06 16:42:45',NULL,'/9j/4AAQSkZJRgABAQAAAQABAAD/2wCEAAkGBxITEhUTExMWFhUXGRYaGBgXGBcfFxgeGx0XFx0dGx4aHiggGBolHR0YITEhJSkrLi4uHR8zODMtNygtLisBCgoKDg0OGxAQGzYmICUtLSstLy4tLS0vLy8tLS0vLS0tLy0tLS0wLS0tLS0tLS0vLS0tLS0tLS0tLS0tLS0tLf/AABEIALkBEQMBIgACEQEDEQH/xAAcAAACAgMBAQAAAAAAAAAAAAAFBgMEAQIHAAj/xABEEAABAwIEAwYCBwYGAQMFAAABAgMRACEEBRIxQVFhBhMicYGRMqEHQlKxwdHwFCNiguHxM0NTcpKishY0cxUkY8LS/8QAGgEAAwEBAQEAAAAAAAAAAAAAAgMEAQAFBv/EADIRAAIBAwMBBwMDAwUAAAAAAAECAAMRIQQSMUETIjJRYXHwkbHRQoGhFCPhBSQzYsH/2gAMAwEAAhEDEQA/AOjRavAVtFZAqeVzAFbgV4CtgK206eArYCq2JxyEbmSdgKGOZq6uzaY3iIPlJPE8PT0wkCcMw9Fal5A3UPcUAbwL5lTqzED4jsduQgfLerIye2oK1HhBF+O5Fr13ePAgM1oS/b2v9RPzrAzNn/UTS52ffbxWtIChoOkyFCCDMC4nhBvx8zbVgGCQjUANhEjpHxdd+taQ9uPt+ZytuPz8Q83i2zsoGpkrB2IPkRSqcnw/elrvT3gTJSfsnSknUQZ2TeZqvmWZM4f4n0EjcIJMdTwSPPbpQkuvI+fzCtu8GY6RWFqAEkgAcSYFc3c7cOgfuhY/WVEekwD/ACyelLOadpyo6nsSVG3hTeNxaQBHkEkc67tPISpNGxyxsJ1PMO1mFatr1k7adj0CjYnoJNLeZds3zOkBpPM2Puq89NKeF6BZDkWJxqO9Z7pltVi6slbpjfw7x0WflFN+W/R5hUkKfUvErH+oYQOFkJ4dCTQ99oz/AG9L1P1irg87dU7LHePuj/TSSBPEkyQPMkV03I1PlhBxCdLsHUJBi5iSLTETHGas4bDobSENoShI2SkAJHoKmo6dPZ1idRqRVsAtvvMHaqeFsoirbirVRZ+JXOnrImmcc8EjrUGBxKimCPhmP0KgcuqDuN6u4ZuBRkYigcwlg3ApM1gN6STMzVbKlfEOtX1msBxeaebSgtSjsUn5H51vg2wmdUX5kUJzd1xABbRrlQBE7C9/uqDB4hSwklOknhy+6lmrY2tGdl3d0PsNgLMGRwjh5mpibiqGHxaEpgGVTepE44E7T7UfWD0tL4rR7VHhietah4RIO288K2Q8DxooEjwTSkzq+VWwK0Cq2mumSNWoTIBHCJn1rTWo7J96kU+naazQGMWQaV/w/OvVPXqy5hWEDaa2Ar3Csg0qOnoi/CqGLeWrwokff/asY95RUEp9f69BPyJ5UVwOECEifi5muUbotzYcwY3k6RK3L8SP1v6/K9bZfjVFRScOpsRKVSCgjhexB6RRU6gYMVo4kJGpaglI4kgAepqhVAivSLeK7UYb94lwqQWrkQRq6J5n+9qB5R2vcC0B/DpZw7xIQuVG+w1qNiYHpF6I5z2jy2TpbGKcTH+GgFKT/vPhT5ilPtB2wW+NKgy0kbJQlLix/MrwJ9DNIauq9bmWpoK9Tjuj1/HP295N25l7EhLa0MIZR/jAaZMToChY8BHCJ51rkHavFMNKSV/tVzoURCU34uKIny9ieI3B5NjMT4kYdZB/zcQfDHTXAI5aUk0ba+jtYTrxGJUpRHwtIJSIE/Erh5JFqHfVfKi0Yun0tA99tx+dIBzPPu9UtxxxKVqACu5TBhJMAqIv66h99R5bl2JfWENMpQo7LfVCvNKTKpPNKAKdsq7KsJu00gFO61E6pvfUokn7uVDM/wD2PCwWcV3b4UCVoWTymyRcnmRXdmAbuZp1VRhtop/HwCKXaPLU4c6XX1uOAwvSk6En7MXUVeoon2Z7BoxSA8NYM21jlxAn7/QjehiFEYlWLX3jylLUv94ENNSoaSSVmVQDFgKJYztliNMd+G0C2jDpgRy1r0/Kaw1KYFgJg01eob1Db3j/AJRhUYBvSt1KYt4ikQBwFhKekc+N6xjPpEwqSUtJcfWODaTHuRt1iuSYvHFI71bSing46HF6vIq0oUf5TVns6w/j3koGtDI+JRskCFq8KEwn6pF+lLG8cRppadfG1z88vzGnMvpFxijpAZw3r3jnsmY9Qn5UuuZtiHnUnvMQ+6khSQCQAQZBDaNSt+oro+XdgsA2ApSVvH/8ivD/AMEaUn1BphYLbKdLSENp5ISEj2FaVJ8RndvTTCLNMpxjy8OyrEI7t5SfGmIggkbfVkAGOE1sl2FVTzLHWBHA1XbxBcI02HEmnK/FpA65l5sSta+Zt6Wq1hnSSroKqqEJgcq2yp4qC53EfjTd3SJ2y1gXIKverrj02FB2mFKXYwOJoqYArU4gtzKuK2ochV6u4gzVXRXbbm8INYSxlbJ0rMXvQ59am1atwN/LnRrAO6aizjDiAYlJ5bpPSsPcHpOHexN8FikrGpJkRw6zWi4/taha8IplhYYgurMgLOkcBHIGJ2i5FCG84xSbO4R4dUJ1j3RNdzOvbmNGr+JXua2SeZJ8yaCYbONVu7eB6tLH3ijOHaWd0kDnau2Tt/lLKVW2q/hT4RUDDPNU1cFcxHAnAHkzNYrNYoIcCKXUmFvq8vxE/Kl/Nu02Ew4/ePJkfVT4lew29aXMb9ILonuGA2CCNb5ifJAufSamLjrLl0tRxgfWO2EaHegmOZPK439z71R7SdqMK2dIxMrGzTSA4SRfhEH+YVyfNe0Ljs96649/CDoa5/Cm52O5TtRLA9nH3WtaVpSg/Ehoabcyfreur8KNarnwiF/R0aX/ACvc+Q+fiMObfSQ/cNobY/icOt3/AIJsk9FH1oCxh8fmBCktvPgx+8fOlkdUiQiOg1eVM2XtZPhNJ8DjsAwQXXQeiYhJ6hIrfMPpF0n921FjBfWEf9Eyr5Desax8bX9pRTLjFClb1P8AmaZb9GqiAcZiSQP8tmyB/MQPkgedMScjy3Bpksspj6zkKX/ycJPtXM8x7Tv4hc6ipR2DLYTtyUvUo/8AGvYfIMc+qzASd9b5JN+feSeeya1XHFNYL6djnUVf2Hz/AMnQcb2/wqZDSXHyLQ2nwi3FRsKV8d9I+IUSEBlgefeOR5Dwg7bxWMH2CdWrTiXlmDsg2A5yqRHQJFNWW9h8C1cMJWebkr+SvCNuAowtV+TaIZ9JRI2ru9/lpzJGY4jFLKR+0YmTsJDYm90t2HvV1jsljlOBIbbY1R9gEb8RqUbcJmuvMYSDAVCRskQPSw2qdRQk3iT71q6ZeTBqf6i5G1QAJzzC/Ro2lQLzjjxgSR4EzcXJKl8tiKuZrhMHgwnuWmm1/WdKSpYERAKtSyomISDwpjzZT7h7tmED6ziiTHkkWJ6k1bwmWN6fGmeMq4/jTgir0kjVnbJMTk9nEYhv9oeDiiojT3qVBUA6jpSq6QQk7gT7UYyPAIw7TiogJSRsL2UBcb3UBRx5feKAG3Cl3PMR+0ujBtGUIMvrBEBQ2T10zqn7egc4nfvNcfPn2mK+LSXLsWruGdXxFtBPqAa0exJNb4kSTFhsByAsPlFVwkjhU7tcytRiV8U8YiqmDzHQYNvxompqeFDcZlyVCFC3z9ORoRdciEQCLQujNEkb1PluYoCyLDVF+ZG330iYjL3UHwOkjkbkfnUmXJeDiCViApJPhOwIJ40YrkGJNGdWQNI61hxy0+VaOukEx0qDEu2irywEktNXFVFNRuL8PWahS786zfO2wi1WMa45pASYE3qNk9D8qJMgFJtRXuJgWxixmSjrIn4fCOVqpHHrR9r0IP3xRZ3JTzqNOSKrzStS95eNlrSi3nbuwC/l+dE8E66q6z6TU2HyaKK4fBBNGqOeYJKDiTYQGKtio0JrcVSosIgm82mvVivVsGcJY7PLbALzjGCT/EQp70Ek/wDYeVXmRluH8XdOYlf234Sg9YXAV7KNS4HsJjV3W43hwfseJfrG/wDzo5gfo4wiTqdU48r+JWlM+SfF/wBqiCtPeqail+pifQYHz94q5j2uCtQShhGo7Ib1ny1K0pGwFgdhyoQrFYh4QhlxwGdwpSbdEBKLdRXV8V2cwwaKG2ktcQpsBK0kbKCt5B5muf5ml3Dua1qXh3R8OLYB7pzl3zafhV1AIN/CN6LZc3Jkra3YP7a2g3LMudcVoeU6ymY0IaAn01ISNxzpqa7E4VI8AcWSJHeWP/SAf1vWuC7b5klIU/hGscz/AK2HI1dSrRqTPQpTRTLfpKyxVlF/DK4pcQoi/wDs1fOnqijpI31dR+SZns/lqsE2R43XFkboCQmJgWA1QDczeqv7Viy+VhhYQVDxtqBMJsUpCzAvNtt+c014TtXgnYCMdhl9FLQFf8SQavtFBUVJDapgWdOmOiTIB8qfuEjKsesXcT2kaSEtqQ4FyI73THnKb7cr1eRnYb/xX2z3klsok8ogAHhFvPeiOIwDTitS2G1ERcqSfPhIiTWy2WxB0NIgASFwQOQIuB5V2+aVMG5TClKc75xwkQQpATHppHp0oi3hCvxKSAOqiTaYsLD3qpiO0GGYSA5jMO2BwW6Co+WpUk0Bxv0kZak6UvOYhfBDLajPlbSfesL+Qmi8a28SUGCEJSLANqKirzlA0+Qmo8diYQXHnEstJElSyAB70j43tljVJ1N4dnANH/OxqxrP+1sX1dDNLSccrEOBbTeIzbEA2ddQpODaPNLaYFv4inzoTc8zsARzx/aYvNq/ZycNhRZeMd8JVw0tA+KTYbajaALGrPZxCQ3LaC20bN6hDjm/7xX2U76U9SoyTQ7Kex7zi04jM3UrWn/DYkd03y8KLDyFzxO83M3zhxu6W5BsFH8ht5UirVFMXM3ei+KGO7FYU2KSU9o8QqJVEzGkCnPs/mLjiLgWMFWlIn2F6kTVUy204jF1G42Anu75D2FRuYJatkKP8ppgbe6k+dbOMhQo1rK5xxHFiIpryRw/5Z+X41r/APQHOUXiJH9qPvSiZFuB4GtGcXO9T6nUUqbhF5jKYdheS4RhegJWLpETa9aPYRQFgT5A1Hje8KD3JGrhq260q47MnkK0rxSULNtN7bqmw5DjVg1dMgWvIazmmciMS21AXSR0ioUoM7R+vSaAI7RuwpYxailP1Q2L+RVY3ohg+07io1tgg/aSJ+4UAr0weT8/eLGrU8iGmG/XpFGMI3agis6aSNSkEDYkHY8rk0WwOaNLHhMdD/SqUqqWsDmH2imXNFe0VvXop1oV5rprYCs1mK6dMVtXhWa6dMVmvV6unQXFerYitTSrR00cTIil3ME6ZSoAg8CJB9KPuvpHGguaYpChFJqgWvfMdTibiOzeH7zvWXHcI59plRj1EzHQVq/gcyI+LB5gOTraA78tCp6kmiToPKoVNTSlrsMHM1tOpyMRcxeHQmf2jJXEcyy65HoCkiOkmg7reUA+LD45v1ZO17E3O/3V0FlTyfgdWBy1GPbapDicSd1JV/ubbP8A+s0wahfKKOlPQic4JymLHMI6dz58+o+VVivKZnuMYuftONAc90gmur4TAYl3ZjD6eK1tpCB68fSaNMYTDsiXEpdXezbBCLXtAJPqRPKmLVBzx74iaiinyROOZSyh1WnBZP3qubi3HEj/AHfClI81CnzKeyWPIHf4lnBo4tYNtHeeRXsk+SlUce7aNA6ChxsXhOgJHtNbuZkXG9bMkceY6EeXGiFej53k3ag8GUTkOW4TS4tkvOqgB3FKLq1EXF1+BJnkBU2I7aN92ook6I8HwwDfaIHlRbHMJW2WyAoRsYi363rm+aMPJWUhpZCiQrSiTEb2FwBefOvPbWVHchOIFQsIXwnalb6lLT4UoQqUn7QgXPEQZtyo1lmOTiEFtQEkbRAIIgkE8ZnakXs1hHUPBkoP7yRpIIVcSDB2FjfaJvXUMsytthKZILkHY2E3Mc/OlvUdXLHiFRotUNoKR2a75tBILakmCVbqA47XtYE0UU73UIMIAskcI6c/vomHjWr7aXBpWAR+tuR61E9qnBsZ6lCktHpeVWMV1q2jF0uZlgH2fE1qcRxA+NI8h8Q8vaq+Gzckwd5gja/4UKGpTlDU1bIjol9JEK9eVVn8AmJSdPQm1C/2wSEjciTx9LcatMYmRMCOv63q3eri1QXk21lPdM8pTiBJTbmLj8/eosdgMPiUgPNpcifFcKTwMKTBHoaIoxANhFR4hhs9D0MH8q5EAyhmMb4YRVxHYZpJ1MYhxrhpVC0zcCCYIg85oZjclxOGSpclwJG+kmYiTINo/ijjE06u4dYA0HWJ+1ChF+Nj6msF1aTurre/9/Sjb/sJO2lpvxgxGw3aVt5lTL4I1W1ok6diCQbmDG3KtchzBSl6FWUkwQJ8JTKTvTZnHZvD4qFqQW3Nw42YV/MBZfqJ6ilfG5O4yslaSJsHESQofxWuYF5I2txnqguJFUovTNzkRuyvNFalSoBI258Ot6PYfMUnf5Uh5evuiEqIJXqgjYEmQPKKLNqIJj05DgaOn/qFRWCOL+sJXNrxzQsG4M1tNLmGxxSd4PyNHcK+FjrXrKQy7hHK95PXpr0V6uhzM16tazWToMeeAobicSo7VdUzNa90kUo3MoFhAxwzi9zU7OXJG9EFk8BUf7Mo0AQQ9xlPEsIjahasHewplby3nVpGBQm6vbj/AErjRLQe1CxYwuWqWYSnz5DzPCiYwbDIlwpWrqYR7H4vW3SibrwiBCReAP1ekVxKnHVBwAqulUWkeFMiOIEVNXqU9P0uf4Elq6pjgRjznEYgoHcBBVxUojSgD7KIlR8gfI0i57lOPRLi5dHFSVEwI4gwQN+EV0BboZSIE8+ZgAe+woS5mDqyQDH+37q8qrrjUe5EW1JTzzEDLcQlVnSVNncSbdRyPUdaN5Cvu3u7S5Lbko8UyCZA24z8quZr2eQVd6PCTBWEpsOagBx5j150aynE4dAHdJSqNlGFKnaZ4HyitNZeek6lo3qNYdJD2eaxBVocBECFSnwztqCp3InwxvB22aUqgQnp61SXiQqTPCwqLDYrxDzH30NOoN1h1l9PTdms92nS6P3qBq0ghVvGEkgmDuRYSOlAsHnba4hQM2n+vKmlnGgnfzoB2k7JNveNghp08vgWd/GBsf4h6g1RUoLWO+8po1VQbGH7/mEMO9Im351Mysk2M+Vc6XmGKwSgnEIUkTAJ+FW+yhY+QM0wdns/QUqk7SZ5yeHrS+yCeKa6n9OY5l4AxvwqvmWFadT+8QFQRBkgj+ZMEe9UmMSDeZJrzrxJ+ce9NpNc5iCtpQc7POtkqw69Y4oVAV6K2Udt49aDHN1JXocBSUzqQux3ib04B6NzB62PCtsXhGnwEuIC08NQ2n7J3T5im2XgTrnrBGW5iVgeIAXtF423/XpRNnEDb4p4WMRvQLG9k3Wjrwi7f6Sz/wCKjv5K/wCVB8N2iUhwtvJU2tO6YggdZ++81gDKZtg3E6AjEieXQitnUoUPGB+uXL0pRbz0OKTKglI3PqKLoxMapMJAkes7ULVT14mdlL7TWyUmAJi9/wAxWSpad5I58Khw+IhInfc+tTIxY40DV19pvZmD8yyZt5BSCpkx/l6QB/LEEdBG/rXjli0gQdQAFwbmI362okkpVVbEY1CDEk+ogVlRwQGP1iv6UMbAZgzFpVAPw8yefK9G8iWe7BmeE+XlVZrGIVMwU7EGCP7Vo3maUHQ2kaZ+EdeUDeq9LrqaAbvn7QTon4EaG1yK2qrhnLxVmvYYSZTM16vV6hhQWEE1InDVbCK2CaEKIe6QJYFSJbqWKjxD2nz+6jAgM1ph1YT5/dVFbmqQFeKqDrxKz4rTz/KqOIx2hUAXHE/0/OkVtVSpCzGKPrNs6fcQmYFh4hwPCLepHnVHCMJSnvQZF4PUwQPS49Ku4hal6zAIkBU8RBuPWfcVDh8GEykLGlV9KpBSeY518zWYPe3HSYFzJ1NF1QmYhJ9xP41ewuBCdgJqJxxKU2PwgCegsKBYjNSeJ8RgRuDwj1t1mpwO9KBj3jOGEi5iaVzk/dOuFq6HDq/2mTai+Bw69ILhBXvA2HQxYmpnARVBVlW5GI9aG7JNjBbTTthpVcEz5fqa1wuIM6djqG43g/I/lRzL3HTKUiR9o/V8j+H3VRzx5nBjX8TqiPErZMwJjZIHP50+nSAUVE/kfbzlALk7GNz0/wAybDNR8RjjB3vxjcCiXfJPERXOGsc8XXVlZg6QVlKtMkAaUAeI3mb2vcbVFmueP4dJLel1bapWkKErBsNIJnjMAE2400dteygZ4hNQWxN+PSdLxQbcSW3EJKFCCFBJSR5HekjOvo/A/eYJwJVBlpSiUKB+yTJQeMGR5UXazUFttalBBIHhO8wJF+O1EsvxqVETx2UDx601K24ZiSjJxOZ4HPXcK53T6FIX9lX3g7EdRIptwectveJKhNuP6mmXN8jYxTZbfSHBukmyknmlQuD5fOub5z2DxeEleFUp9v7P+aB6WXx2g8kmj7EcrzOFXdzHMYlSjcyPuM/jVpjGmLmw6XNcxyvtOtJKXCQUggpUDqBvYg3BpqyrtEhUbbf094pDblPejNlxiNqMYeKojhFaZnlmHxSAl5sLtY7KTP2VJun0NBRi0z8QI4Rxm81ew7trG9z+uVLWsb2mGn1ilm/YXENeLCud8gfUWQl2OQPwr9dPrVTB52Ur7t9KkLTulYKVb2sbkG/nzrobWJMAjY1riQ08NDraVjkoAj0nY9a5qyPh8Q03D1gjB48OAmeX3VebBJjh+vaqeI7PYZF0OKaO8BWoeoVceUitGMXpJHeJUInVMC3FXKp3UK3nHqLi6y1i3+7Ckk3mBG56Ch/iKtpXuE7hP5+dYzTNGkN/tC1ADTM8AbTA3JKrDjtSknP1rQ5JKO8UjQB8WgSYPQmCee16NKBb2ELdYW6xlzjMO5BRJ1ESTy6/fWuSY8qKTvI5C0/ja5oA+HcY6ElUpSAFKgCYvFuO5NN2CwKUJAA2r1NJowAH69JHWr37sO5Qs6xTEveg2T4eBPPajC969W1lnnk96emvVrXqGdJa9WJrwvWzphxzSJ9qBY3GASSaJZg58qUu0OIW2hS0iSBsduX41rtsQmJZusH5fnOtd1BNxY8AevPrxqXPcSUv22++kHNMySSJSEyTKto9vxo3l2dyEhR1GAAqxEDa9fNVKTWJPWI7Q2tHnLXV92rULkj7p9d6y+ySJAgg/r+9DsNmRgOEykwIEWgb+dGEY1QMk+lr1GwHhY4ldNgRBz+IOhQI3j5Xpfw2KDa1OHcklA+zO589wKb8S2hwFaIHOxjlfkaTMX2cxTjwCQkIJ+MqGlI5wDJPIfdch1KiQ1ryqht33aNmV4yUibk7DiSaPM4UEDUKpZLk7eHFpUuIK1bnyGyR09yanfxgAJ5V6FKlsW7w6jbm7svOPJQCdgBflFccz/tIpx9whUAwEweRSQeW/A8xTtmGa60KbBEqt+O/5muX59g3inun0bKSdaZg2AMlNjISjfkDRB0qPY8COpKaYJHMI4bGNuIWH0FQ1BaiVEFSo0GCmJtzO08xW2ctjvEuo0iVRHi+tOwElUBIk9RztQ75BZLaUg7GfrAgiDcT/c1d0Lw7QxD6dShPdt7FajspXFKBueJodvex7Wjt9smUs8zcqd8IKQgBPmQTJjh/SmbstmpCNJIN+IuPWuV4jM3itSnfEVGSeJmimVZsmR4rcjTamnIXEnWsrYM7jhsYoKA1KVqgwN/c8KNd/bbVbb+9c77P5smZJ4b/AK9aZV5wlKdRXbz/AFepBX2YmtRJOJczTJ8Piv8AGwra4EBRELA6KTBHoaUs2+jop8WEdKT/AKbqiU/yrEkfzT50caztazCQY5qsPz+VEU4hUwVyTwA/P+ladX5j62mCky8Gc/w2HxzJ0vYVw8AoJKxHOUSOvP2pkweIhEKSU8taSJ96YXsQhMAyTzk/KpVPoKYKQoWMK8Q+dKcIzHIHz2h9obZEDtuypIF4jatcxe0OaU8Rfz5egrTNM2ZQ4lKUjWqPhtAmJPCOG16DsZhrK3T8KSYJ5evP8qRtuLc55lKKbbvSZzjHJZ8SjczY/l5Up4rFLeJ0q8JIlMRIsbnje/pVTP8AMy+9IMpFh16/rlVnJUXmJj76sWkKa7usJGvDeHyxju0jEAuCZSi+54jkaGp7ONd+FYfvESfGhSytIAFjJuD8IuTtRrBMqXckAzc/ZHHy/OiAdCDpbAjmRJJ6fq9U6Smz3LHu/eTamooOPFLeWZchpASkUQbF5iaAvurXuoRvAI4XPnUmXtrUtKRJAIMSY3+XlXqhhewnnlTyY65c4pRk2Smr9QYdrQAnjurz4CpZomPSKA6zNer01ighSQmtkcT0qMmthsaNeYLcSjiBNLfaJlakFCCkKVIBVtIg39AfWKZXN6A50kFEm4JIisrZQiIYXEQV9gcS6dbjjAj6oUsz0+EXNexfZjENCUlASnikOCB5RJ8gDTC1mEK0vbjYgdI9440WbxCQjvEqkbc/Yc5I+deO7i1uIgKDEHC5laS8k7XSVCfPUkA0WwmfEKTqUlQEC28DjvFqE53j2HHFILBCx9hKwQZ8WoJMFUDaJ9q9l+JwSUyJDiSSNRUdjII2B4WgmZF+Mz6e4vacjWODOkYJ5O+kHVBBIIVeOB4castOuagEFIF5EbDnO8z19qU8P2qakqUk6p8SekCCDsZ/XGjDWdApU2E6VRqQNiob+h3t/WupkU1zPfFGy3GfWGF4i91yOSRc+toqs86hSVCFGIkAp1XnYRfjQbD5k2seFSg5fwr2MTtHnz4Us59mrrSwQpevUANJSRMxc7EzaL70Bas523+katFRGnE4XDuEpC3G1wDeFATta3S00EzRnE4cFZJcbF9bclIH8Q3R6iOpqrie0aDAxCQlZsYuFkEEBBEqkkfDcVpl3afS9KdWkkA3FjcGYF7Rv/YhScC7L89OkNRfCnPl8zBv/qxYMgiJ3hMnyJrLmZN4hOp4hAHEJkmd5k3PrTUvsrgMagqSgsLFtTUAeqPhHoBShnf0eY5sfuil5H8J0r/4m3so1TT7M8Y95MzMDkQbjRgnBEOEiwOpI6/ZpfxOWN/5ZI9b1hwrbJbcSpCh9VaSCOsED3rDT4JvvVqqyDBiGIbpN8Lm2IYEEagOf58aYMn7WNlYLiik/wAWw6CLUJbGqx2NV8Vk0DlS2Wk/iFj6RivUHBuJ1bA5gh0ApUkjhBEGjuEGmVA3jfrzrhOBDrCtTSik8Y2PmNjXQOzvaoKhDvgUY3PhMcj+B+debqdIy95Df7yumwcWOI7NoBMqJNUM6zkNJMXPAVT7QZ63h0yTKlWSJuevQDn+dIWLxjji9ZN+Q2A5Cp9Ppi/ebj7xpsDKuJffU444SdTkzMkDlHVMCD0rXMcfilJKGyENmPAOQEATv+dMGVYXvrRfn+dW8xZZwqZVC3OHIV6YqgEC0U9OwOYjYB9U6VgpUOe1dCyvDBCEqMSRMSJm4nmIia55iXFOLBkzNrR7Cn7sblC1S46SZ57n+lPfTmra2POTpqAgIMvuYRRCVqJBJ2ExEbnr+dTsiDEEk2jiPLe9oplQIqVnDFSvCLnjxq5aIUbV4khqkm5gXB5O8sgQEjjJv7Dj0tTfgMClhIAjV93U9a3RpZTG6vu/rUbbhJk1rFUwOYI3PzxLqDW01Gk1tNDNM2mvVrNerpkkqRviKjrINEDYzCLiV30nn/ShGZsFSFAbm4HXin14UeeRNxxobjkwP19/6IppiIjdpUgBDg6e3M9BN6Uv/Uj7KlFpU7+ACeBIOgyFABMzuLQeNOnaBnvkKRq0mdQMSQRNwLT/AGMDjzt5ZS2FHSVi1zt5T0BM8Z6mvNr0wHuRzJags15TzzELCg+7rlwlXhCgAVSTMgAKmIA+UVaQw46yoqcQltR8JIvFp5wUiIPG4mgzc4h1KCdSExI1BIsInjHDaaJ4pnXN4KCm3ikpJVCSFRvHGI4dMYWAHWDeW8owxU6yhTwJK0/BJGmUzqk2M+Q2tTX2vxyWyTtpjSeRHKkrLl68W0PBhyVAJXI8CiFlBImFJUrQk2sOIkEk+2uVPqf0942viYUfDO8pI/O0c6VU05dlc4E9XR6ladM7j7SzhcyRiFg6gjEJ+Hgh6IVI2hXEp/Q1fXDpOoCJspJmYvEyDJnl50j5y4p14QfFtqMDrqMWHA24UYTmmLZQ0vEth5CwopJH7wBJ0qkxtxvMjjRHTHBX6fiMoa/G2pMZ1gm1q7wKUCq8kybRAHGRfyq9gcWxhkdymFFZSpRsQZiAkfEjgZ4fKpFpS8lLikOJSQYS4hSJ6hZhO3InhaKlwOUkqW54UykglS5iZTwHIgQL+Vaz93a/SNQi+5IVyrEqSNXeLQswoJIJ1RNlaZgXN+EmujZfjQZvN4ibf3iueZJh8Ow7q1qUoiDcRYybRuSL0dw+ZoIhJsnafy5VA5s11j2O/mMma5axiE6XUIWDsFAH1vsa5r2n+jgJleFOn+EkkenEfOnnBZmDA1XImpMTiwAJNjY+daK5TIx9oAS+DmcPbK21926kpWnaePUcDTRlpC0+IdKJdqsuS8CCIULpVyP5cxSZlWYqQopVYgwR1FU37ZNy8ztvZNniMzuUSJSJG9UTgzMRTBlmYJWIJi1FEZaj41RpHueQA3J6VKaxU2MsUC2Yh43J1KEmZSLGbgbwOQ3tVTC41KPC8bjaBJP5Ux9pEuQSo6E8AD4vltSY3l5UqwMnbnVtH+4vek1V9jYj9kWYBLSykDSYGqfEDe3rNeGQqeOt2w4A/j1qfs3lwaaGogrmYINrR79aPMYHWoazw+tcDhzAn0406jpwrXPMRWrboPy7JcM2Zso9Lx7UwYV5JgJBPCwNXMuyt0j6oE7wIA9AATRBPc4caioqVtqUSethx9BV4so8pITfia4XLCRqWdKfnUuJx6GxpQPz9eVCMZnK3D4ZA58fTkKgZFTVNT0SNSgeWhBDhUZNEGKoYdNEGqBPMxjSyk1tNaCszT4mb6q9Wk16umWk81ma0msg1060kCo8q0fbt0rIqNT0b7UauBgxbJfIiznGFbSdQKgeJk/OAa4z2qwq2sQskS2oKKD8QJ3iQTETx2gV9Cv4VKhYA9KU85yNtyUd2RIuOHpsfaT0rXphoh1vOP4XEdw02kJQSspUtcbBRRxVsQLWi5NzetsAO+bUtSlaioyAQSiCLTMqkTe2/Kpu12SuYciVBYMwTqmbwCFAXEn3NR5ToQy3pJsT3pj4T9ad58JEQCdtuEVRNov1vJiLCDWnEJeSXV6FhbQtMbjUZjwgfaM77Ux4h06VLABF0pI3KREiQTEm8G9j5UpYjCuhzvkJkhSSE3mZKthcjyq23j9YUoNEJMGxnx8zqJJk3nh0FE6bgCIRW4BEkYypnW2Q6udcGEgEkCQEFUAE8FKtcGLRTgyVAAKZahpC0Jg94UpXuk+M6jdajqHC8SBSEM0IUhIBQAoGRJUkyFSBPxCAP5U8RRZzMMSUGfFrUViNpULza8nTYx86yorEAGYb2zDOe4lSgsFezZ0ApMAkSIJgGbX8p6KCw6B4HJAAJBUSDvxNgbG01YdbdaUe88SfhUmCUkeKADwTEm1GBk4dSHEBbRJMTdKrJtE+FI8xvBiLCtqYt0nK5Tgxew2NdUvSFSbcfxptyZawkkwRp1CSIngOZB2tefKkzEYJTayPFrt4QkzfoNoowjMlsoEtaZjSSN9pJEwTIFo6GirU9w7sc1ep+kx6RmaEkIiFAnlFoBESY3N5ipjmyVbke9I+WYoKSF6gCFEqk8TERa0/16VQzUutOKiyTted/nz3+dRjSbja8p0msK918x5xOJCxEiaQM+a/+4cjmPfSKtZY86tWx9KJf+m3nVEgGSSfeqdPp2psZXX1AqKBBWV5gtNjcc+P9afMuzhQSgp8QM247R6catdn/o8TAU9HlP5U5Zf2UwyPgavzkz7zPsaOroxUN5lPVFBaIhwanValDWo7AHwp8rXPWi2A7NXB7squJIB//qOtPbGWNNXhKT7q/pUeMzhprkD1uT5JFOWiqDJsIo1SxxBuA7M2lXhEkkkgcrQLbW96IJThmBIAUR9ZWw9TQDHdpFr+H3V+AFqEPPqWZUok9fw5UD6lF8IhrRdvEYw5h2kKrIv1NkjyHH1oQXFLMqJJ61VbFXGUVI9RnOTKFRU4lhhNEcOiqzDdEsO3RosxjLDKKtIqJsVMKqURDGSTXhWk1tNHAm816tK9XTrSeayDWhrKa6dJJqnizVoVTxdLqcQk5ldD5TVn9pSoQoA+f51RVWopSVmSMakrTOaZM2+kpJERsoAj7qSM3+jfSlamisW+FIStJ9zIp/Z2q1hN6uFnGRIHpgXE+cM0yjENCFJUFAncFMi3ONonjvQzBYZxJCj4YMwqTO8mOI2B9TX012j/AMM+Vc9xP/s3PNX30JpWEQVsJyzBZKtbniFxpKRPhMmLxsIgyOBB2M1ccwIbgrcJCdhvchRVKYNgIPnbnR3Af4Kv9yP/ABoRj/jV5K+41GXLNaKLEmXV5gQykX8QgJ4kfbUNtO4jjbaL+S7KEpAOtKTJKwVW0qnUkgFOyfisEmagX/7dv/4T/wCVCnNkf/Gr/wA01iIGM5Rc2lNOZOd8VoUQdSiIMgSCLTxvY8DFSYt5JG5uOg2kbRaLET/Wg7X4VdwHxj0qsoLxxQSTBNurOltK1TEFKVcIIsmeVdE7L9mn3YViUQALJUZUoniRePeTJozkHwJ9K6VkPwCjFMczQoJvFvLuyQG6NI9BTBhcrbb20jyEmruI3qpj/wDDV5GmHAvHAXNp7E41lr4lJH+439hc0Gx3a5As2FK/6p/P5UoL+JXmaxXnNqmOBiXLplHOYSxedvOfW0jkm3z3+dDprBrFTsxbkx4UDibTUiBUKanaobTTLLKKIMNVWYonh6aogEyxh2qvNpqBr9fKrKaoURLGSCtxWlbJpoizN62rQVua2ZPaqxW1erp0/9k=','jpeg'),(2,'wWJi','Lorem qIfmd6vf ipsum dolor sit amet, consectetur adipisicing elit, sed do eiusmod tempor incididunt ut labore et dolore magna aliqua. Ut enim ad minim veniam, quis nostrud exercitation ullamco laboris nisi ut aliquip ex ea commodo',661519,'0',1,'2017-03-06 16:42:45','2017-03-06 16:42:45',NULL,'/9j/4AAQSkZJRgABAQAAAQABAAD/2wCEAAkGBxITEhUTExMWFhUXGRYaGBgXGBcfFxgeGx0XFx0dGx4aHiggGBolHR0YITEhJSkrLi4uHR8zODMtNygtLisBCgoKDg0OGxAQGzYmICUtLSstLy4tLS0vLy8tLS0vLS0tLy0tLS0wLS0tLS0tLS0vLS0tLS0tLS0tLS0tLS0tLf/AABEIALkBEQMBIgACEQEDEQH/xAAcAAACAgMBAQAAAAAAAAAAAAAFBgMEAQIHAAj/xABEEAABAwIEAwYCBwYGAQMFAAABAgMRACEEBRIxQVFhBhMicYGRMqEHQlKxwdHwFCNiguHxM0NTcpKishY0cxUkY8LS/8QAGgEAAwEBAQEAAAAAAAAAAAAAAgMEAQAFBv/EADIRAAIBAwMBBwMDAwUAAAAAAAECAAMRIQQSMUETIjJRYXHwkbHRQoGhFCPhBSQzYsH/2gAMAwEAAhEDEQA/AOjRavAVtFZAqeVzAFbgV4CtgK206eArYCq2JxyEbmSdgKGOZq6uzaY3iIPlJPE8PT0wkCcMw9Fal5A3UPcUAbwL5lTqzED4jsduQgfLerIye2oK1HhBF+O5Fr13ePAgM1oS/b2v9RPzrAzNn/UTS52ffbxWtIChoOkyFCCDMC4nhBvx8zbVgGCQjUANhEjpHxdd+taQ9uPt+ZytuPz8Q83i2zsoGpkrB2IPkRSqcnw/elrvT3gTJSfsnSknUQZ2TeZqvmWZM4f4n0EjcIJMdTwSPPbpQkuvI+fzCtu8GY6RWFqAEkgAcSYFc3c7cOgfuhY/WVEekwD/ACyelLOadpyo6nsSVG3hTeNxaQBHkEkc67tPISpNGxyxsJ1PMO1mFatr1k7adj0CjYnoJNLeZds3zOkBpPM2Puq89NKeF6BZDkWJxqO9Z7pltVi6slbpjfw7x0WflFN+W/R5hUkKfUvErH+oYQOFkJ4dCTQ99oz/AG9L1P1irg87dU7LHePuj/TSSBPEkyQPMkV03I1PlhBxCdLsHUJBi5iSLTETHGas4bDobSENoShI2SkAJHoKmo6dPZ1idRqRVsAtvvMHaqeFsoirbirVRZ+JXOnrImmcc8EjrUGBxKimCPhmP0KgcuqDuN6u4ZuBRkYigcwlg3ApM1gN6STMzVbKlfEOtX1msBxeaebSgtSjsUn5H51vg2wmdUX5kUJzd1xABbRrlQBE7C9/uqDB4hSwklOknhy+6lmrY2tGdl3d0PsNgLMGRwjh5mpibiqGHxaEpgGVTepE44E7T7UfWD0tL4rR7VHhietah4RIO288K2Q8DxooEjwTSkzq+VWwK0Cq2mumSNWoTIBHCJn1rTWo7J96kU+naazQGMWQaV/w/OvVPXqy5hWEDaa2Ar3Csg0qOnoi/CqGLeWrwokff/asY95RUEp9f69BPyJ5UVwOECEifi5muUbotzYcwY3k6RK3L8SP1v6/K9bZfjVFRScOpsRKVSCgjhexB6RRU6gYMVo4kJGpaglI4kgAepqhVAivSLeK7UYb94lwqQWrkQRq6J5n+9qB5R2vcC0B/DpZw7xIQuVG+w1qNiYHpF6I5z2jy2TpbGKcTH+GgFKT/vPhT5ilPtB2wW+NKgy0kbJQlLix/MrwJ9DNIauq9bmWpoK9Tjuj1/HP295N25l7EhLa0MIZR/jAaZMToChY8BHCJ51rkHavFMNKSV/tVzoURCU34uKIny9ieI3B5NjMT4kYdZB/zcQfDHTXAI5aUk0ba+jtYTrxGJUpRHwtIJSIE/Erh5JFqHfVfKi0Yun0tA99tx+dIBzPPu9UtxxxKVqACu5TBhJMAqIv66h99R5bl2JfWENMpQo7LfVCvNKTKpPNKAKdsq7KsJu00gFO61E6pvfUokn7uVDM/wD2PCwWcV3b4UCVoWTymyRcnmRXdmAbuZp1VRhtop/HwCKXaPLU4c6XX1uOAwvSk6En7MXUVeoon2Z7BoxSA8NYM21jlxAn7/QjehiFEYlWLX3jylLUv94ENNSoaSSVmVQDFgKJYztliNMd+G0C2jDpgRy1r0/Kaw1KYFgJg01eob1Db3j/AJRhUYBvSt1KYt4ikQBwFhKekc+N6xjPpEwqSUtJcfWODaTHuRt1iuSYvHFI71bSing46HF6vIq0oUf5TVns6w/j3koGtDI+JRskCFq8KEwn6pF+lLG8cRppadfG1z88vzGnMvpFxijpAZw3r3jnsmY9Qn5UuuZtiHnUnvMQ+6khSQCQAQZBDaNSt+oro+XdgsA2ApSVvH/8ivD/AMEaUn1BphYLbKdLSENp5ISEj2FaVJ8RndvTTCLNMpxjy8OyrEI7t5SfGmIggkbfVkAGOE1sl2FVTzLHWBHA1XbxBcI02HEmnK/FpA65l5sSta+Zt6Wq1hnSSroKqqEJgcq2yp4qC53EfjTd3SJ2y1gXIKverrj02FB2mFKXYwOJoqYArU4gtzKuK2ochV6u4gzVXRXbbm8INYSxlbJ0rMXvQ59am1atwN/LnRrAO6aizjDiAYlJ5bpPSsPcHpOHexN8FikrGpJkRw6zWi4/taha8IplhYYgurMgLOkcBHIGJ2i5FCG84xSbO4R4dUJ1j3RNdzOvbmNGr+JXua2SeZJ8yaCYbONVu7eB6tLH3ijOHaWd0kDnau2Tt/lLKVW2q/hT4RUDDPNU1cFcxHAnAHkzNYrNYoIcCKXUmFvq8vxE/Kl/Nu02Ew4/ePJkfVT4lew29aXMb9ILonuGA2CCNb5ifJAufSamLjrLl0tRxgfWO2EaHegmOZPK439z71R7SdqMK2dIxMrGzTSA4SRfhEH+YVyfNe0Ljs96649/CDoa5/Cm52O5TtRLA9nH3WtaVpSg/Ehoabcyfreur8KNarnwiF/R0aX/ACvc+Q+fiMObfSQ/cNobY/icOt3/AIJsk9FH1oCxh8fmBCktvPgx+8fOlkdUiQiOg1eVM2XtZPhNJ8DjsAwQXXQeiYhJ6hIrfMPpF0n921FjBfWEf9Eyr5Desax8bX9pRTLjFClb1P8AmaZb9GqiAcZiSQP8tmyB/MQPkgedMScjy3Bpksspj6zkKX/ycJPtXM8x7Tv4hc6ipR2DLYTtyUvUo/8AGvYfIMc+qzASd9b5JN+feSeeya1XHFNYL6djnUVf2Hz/AMnQcb2/wqZDSXHyLQ2nwi3FRsKV8d9I+IUSEBlgefeOR5Dwg7bxWMH2CdWrTiXlmDsg2A5yqRHQJFNWW9h8C1cMJWebkr+SvCNuAowtV+TaIZ9JRI2ru9/lpzJGY4jFLKR+0YmTsJDYm90t2HvV1jsljlOBIbbY1R9gEb8RqUbcJmuvMYSDAVCRskQPSw2qdRQk3iT71q6ZeTBqf6i5G1QAJzzC/Ro2lQLzjjxgSR4EzcXJKl8tiKuZrhMHgwnuWmm1/WdKSpYERAKtSyomISDwpjzZT7h7tmED6ziiTHkkWJ6k1bwmWN6fGmeMq4/jTgir0kjVnbJMTk9nEYhv9oeDiiojT3qVBUA6jpSq6QQk7gT7UYyPAIw7TiogJSRsL2UBcb3UBRx5feKAG3Cl3PMR+0ujBtGUIMvrBEBQ2T10zqn7egc4nfvNcfPn2mK+LSXLsWruGdXxFtBPqAa0exJNb4kSTFhsByAsPlFVwkjhU7tcytRiV8U8YiqmDzHQYNvxompqeFDcZlyVCFC3z9ORoRdciEQCLQujNEkb1PluYoCyLDVF+ZG330iYjL3UHwOkjkbkfnUmXJeDiCViApJPhOwIJ40YrkGJNGdWQNI61hxy0+VaOukEx0qDEu2irywEktNXFVFNRuL8PWahS786zfO2wi1WMa45pASYE3qNk9D8qJMgFJtRXuJgWxixmSjrIn4fCOVqpHHrR9r0IP3xRZ3JTzqNOSKrzStS95eNlrSi3nbuwC/l+dE8E66q6z6TU2HyaKK4fBBNGqOeYJKDiTYQGKtio0JrcVSosIgm82mvVivVsGcJY7PLbALzjGCT/EQp70Ek/wDYeVXmRluH8XdOYlf234Sg9YXAV7KNS4HsJjV3W43hwfseJfrG/wDzo5gfo4wiTqdU48r+JWlM+SfF/wBqiCtPeqail+pifQYHz94q5j2uCtQShhGo7Ib1ny1K0pGwFgdhyoQrFYh4QhlxwGdwpSbdEBKLdRXV8V2cwwaKG2ktcQpsBK0kbKCt5B5muf5ml3Dua1qXh3R8OLYB7pzl3zafhV1AIN/CN6LZc3Jkra3YP7a2g3LMudcVoeU6ymY0IaAn01ISNxzpqa7E4VI8AcWSJHeWP/SAf1vWuC7b5klIU/hGscz/AK2HI1dSrRqTPQpTRTLfpKyxVlF/DK4pcQoi/wDs1fOnqijpI31dR+SZns/lqsE2R43XFkboCQmJgWA1QDczeqv7Viy+VhhYQVDxtqBMJsUpCzAvNtt+c014TtXgnYCMdhl9FLQFf8SQavtFBUVJDapgWdOmOiTIB8qfuEjKsesXcT2kaSEtqQ4FyI73THnKb7cr1eRnYb/xX2z3klsok8ogAHhFvPeiOIwDTitS2G1ERcqSfPhIiTWy2WxB0NIgASFwQOQIuB5V2+aVMG5TClKc75xwkQQpATHppHp0oi3hCvxKSAOqiTaYsLD3qpiO0GGYSA5jMO2BwW6Co+WpUk0Bxv0kZak6UvOYhfBDLajPlbSfesL+Qmi8a28SUGCEJSLANqKirzlA0+Qmo8diYQXHnEstJElSyAB70j43tljVJ1N4dnANH/OxqxrP+1sX1dDNLSccrEOBbTeIzbEA2ddQpODaPNLaYFv4inzoTc8zsARzx/aYvNq/ZycNhRZeMd8JVw0tA+KTYbajaALGrPZxCQ3LaC20bN6hDjm/7xX2U76U9SoyTQ7Kex7zi04jM3UrWn/DYkd03y8KLDyFzxO83M3zhxu6W5BsFH8ht5UirVFMXM3ei+KGO7FYU2KSU9o8QqJVEzGkCnPs/mLjiLgWMFWlIn2F6kTVUy204jF1G42Anu75D2FRuYJatkKP8ppgbe6k+dbOMhQo1rK5xxHFiIpryRw/5Z+X41r/APQHOUXiJH9qPvSiZFuB4GtGcXO9T6nUUqbhF5jKYdheS4RhegJWLpETa9aPYRQFgT5A1Hje8KD3JGrhq260q47MnkK0rxSULNtN7bqmw5DjVg1dMgWvIazmmciMS21AXSR0ioUoM7R+vSaAI7RuwpYxailP1Q2L+RVY3ohg+07io1tgg/aSJ+4UAr0weT8/eLGrU8iGmG/XpFGMI3agis6aSNSkEDYkHY8rk0WwOaNLHhMdD/SqUqqWsDmH2imXNFe0VvXop1oV5rprYCs1mK6dMVtXhWa6dMVmvV6unQXFerYitTSrR00cTIil3ME6ZSoAg8CJB9KPuvpHGguaYpChFJqgWvfMdTibiOzeH7zvWXHcI59plRj1EzHQVq/gcyI+LB5gOTraA78tCp6kmiToPKoVNTSlrsMHM1tOpyMRcxeHQmf2jJXEcyy65HoCkiOkmg7reUA+LD45v1ZO17E3O/3V0FlTyfgdWBy1GPbapDicSd1JV/ubbP8A+s0wahfKKOlPQic4JymLHMI6dz58+o+VVivKZnuMYuftONAc90gmur4TAYl3ZjD6eK1tpCB68fSaNMYTDsiXEpdXezbBCLXtAJPqRPKmLVBzx74iaiinyROOZSyh1WnBZP3qubi3HEj/AHfClI81CnzKeyWPIHf4lnBo4tYNtHeeRXsk+SlUce7aNA6ChxsXhOgJHtNbuZkXG9bMkceY6EeXGiFej53k3ag8GUTkOW4TS4tkvOqgB3FKLq1EXF1+BJnkBU2I7aN92ook6I8HwwDfaIHlRbHMJW2WyAoRsYi363rm+aMPJWUhpZCiQrSiTEb2FwBefOvPbWVHchOIFQsIXwnalb6lLT4UoQqUn7QgXPEQZtyo1lmOTiEFtQEkbRAIIgkE8ZnakXs1hHUPBkoP7yRpIIVcSDB2FjfaJvXUMsytthKZILkHY2E3Mc/OlvUdXLHiFRotUNoKR2a75tBILakmCVbqA47XtYE0UU73UIMIAskcI6c/vomHjWr7aXBpWAR+tuR61E9qnBsZ6lCktHpeVWMV1q2jF0uZlgH2fE1qcRxA+NI8h8Q8vaq+Gzckwd5gja/4UKGpTlDU1bIjol9JEK9eVVn8AmJSdPQm1C/2wSEjciTx9LcatMYmRMCOv63q3eri1QXk21lPdM8pTiBJTbmLj8/eosdgMPiUgPNpcifFcKTwMKTBHoaIoxANhFR4hhs9D0MH8q5EAyhmMb4YRVxHYZpJ1MYhxrhpVC0zcCCYIg85oZjclxOGSpclwJG+kmYiTINo/ijjE06u4dYA0HWJ+1ChF+Nj6msF1aTurre/9/Sjb/sJO2lpvxgxGw3aVt5lTL4I1W1ok6diCQbmDG3KtchzBSl6FWUkwQJ8JTKTvTZnHZvD4qFqQW3Nw42YV/MBZfqJ6ilfG5O4yslaSJsHESQofxWuYF5I2txnqguJFUovTNzkRuyvNFalSoBI258Ot6PYfMUnf5Uh5evuiEqIJXqgjYEmQPKKLNqIJj05DgaOn/qFRWCOL+sJXNrxzQsG4M1tNLmGxxSd4PyNHcK+FjrXrKQy7hHK95PXpr0V6uhzM16tazWToMeeAobicSo7VdUzNa90kUo3MoFhAxwzi9zU7OXJG9EFk8BUf7Mo0AQQ9xlPEsIjahasHewplby3nVpGBQm6vbj/AErjRLQe1CxYwuWqWYSnz5DzPCiYwbDIlwpWrqYR7H4vW3SibrwiBCReAP1ekVxKnHVBwAqulUWkeFMiOIEVNXqU9P0uf4Elq6pjgRjznEYgoHcBBVxUojSgD7KIlR8gfI0i57lOPRLi5dHFSVEwI4gwQN+EV0BboZSIE8+ZgAe+woS5mDqyQDH+37q8qrrjUe5EW1JTzzEDLcQlVnSVNncSbdRyPUdaN5Cvu3u7S5Lbko8UyCZA24z8quZr2eQVd6PCTBWEpsOagBx5j150aynE4dAHdJSqNlGFKnaZ4HyitNZeek6lo3qNYdJD2eaxBVocBECFSnwztqCp3InwxvB22aUqgQnp61SXiQqTPCwqLDYrxDzH30NOoN1h1l9PTdms92nS6P3qBq0ghVvGEkgmDuRYSOlAsHnba4hQM2n+vKmlnGgnfzoB2k7JNveNghp08vgWd/GBsf4h6g1RUoLWO+8po1VQbGH7/mEMO9Im351Mysk2M+Vc6XmGKwSgnEIUkTAJ+FW+yhY+QM0wdns/QUqk7SZ5yeHrS+yCeKa6n9OY5l4AxvwqvmWFadT+8QFQRBkgj+ZMEe9UmMSDeZJrzrxJ+ce9NpNc5iCtpQc7POtkqw69Y4oVAV6K2Udt49aDHN1JXocBSUzqQux3ib04B6NzB62PCtsXhGnwEuIC08NQ2n7J3T5im2XgTrnrBGW5iVgeIAXtF423/XpRNnEDb4p4WMRvQLG9k3Wjrwi7f6Sz/wCKjv5K/wCVB8N2iUhwtvJU2tO6YggdZ++81gDKZtg3E6AjEieXQitnUoUPGB+uXL0pRbz0OKTKglI3PqKLoxMapMJAkes7ULVT14mdlL7TWyUmAJi9/wAxWSpad5I58Khw+IhInfc+tTIxY40DV19pvZmD8yyZt5BSCpkx/l6QB/LEEdBG/rXjli0gQdQAFwbmI362okkpVVbEY1CDEk+ogVlRwQGP1iv6UMbAZgzFpVAPw8yefK9G8iWe7BmeE+XlVZrGIVMwU7EGCP7Vo3maUHQ2kaZ+EdeUDeq9LrqaAbvn7QTon4EaG1yK2qrhnLxVmvYYSZTM16vV6hhQWEE1InDVbCK2CaEKIe6QJYFSJbqWKjxD2nz+6jAgM1ph1YT5/dVFbmqQFeKqDrxKz4rTz/KqOIx2hUAXHE/0/OkVtVSpCzGKPrNs6fcQmYFh4hwPCLepHnVHCMJSnvQZF4PUwQPS49Ku4hal6zAIkBU8RBuPWfcVDh8GEykLGlV9KpBSeY518zWYPe3HSYFzJ1NF1QmYhJ9xP41ewuBCdgJqJxxKU2PwgCegsKBYjNSeJ8RgRuDwj1t1mpwO9KBj3jOGEi5iaVzk/dOuFq6HDq/2mTai+Bw69ILhBXvA2HQxYmpnARVBVlW5GI9aG7JNjBbTTthpVcEz5fqa1wuIM6djqG43g/I/lRzL3HTKUiR9o/V8j+H3VRzx5nBjX8TqiPErZMwJjZIHP50+nSAUVE/kfbzlALk7GNz0/wAybDNR8RjjB3vxjcCiXfJPERXOGsc8XXVlZg6QVlKtMkAaUAeI3mb2vcbVFmueP4dJLel1bapWkKErBsNIJnjMAE2400dteygZ4hNQWxN+PSdLxQbcSW3EJKFCCFBJSR5HekjOvo/A/eYJwJVBlpSiUKB+yTJQeMGR5UXazUFttalBBIHhO8wJF+O1EsvxqVETx2UDx601K24ZiSjJxOZ4HPXcK53T6FIX9lX3g7EdRIptwectveJKhNuP6mmXN8jYxTZbfSHBukmyknmlQuD5fOub5z2DxeEleFUp9v7P+aB6WXx2g8kmj7EcrzOFXdzHMYlSjcyPuM/jVpjGmLmw6XNcxyvtOtJKXCQUggpUDqBvYg3BpqyrtEhUbbf094pDblPejNlxiNqMYeKojhFaZnlmHxSAl5sLtY7KTP2VJun0NBRi0z8QI4Rxm81ew7trG9z+uVLWsb2mGn1ilm/YXENeLCud8gfUWQl2OQPwr9dPrVTB52Ur7t9KkLTulYKVb2sbkG/nzrobWJMAjY1riQ08NDraVjkoAj0nY9a5qyPh8Q03D1gjB48OAmeX3VebBJjh+vaqeI7PYZF0OKaO8BWoeoVceUitGMXpJHeJUInVMC3FXKp3UK3nHqLi6y1i3+7Ckk3mBG56Ch/iKtpXuE7hP5+dYzTNGkN/tC1ADTM8AbTA3JKrDjtSknP1rQ5JKO8UjQB8WgSYPQmCee16NKBb2ELdYW6xlzjMO5BRJ1ESTy6/fWuSY8qKTvI5C0/ja5oA+HcY6ElUpSAFKgCYvFuO5NN2CwKUJAA2r1NJowAH69JHWr37sO5Qs6xTEveg2T4eBPPajC969W1lnnk96emvVrXqGdJa9WJrwvWzphxzSJ9qBY3GASSaJZg58qUu0OIW2hS0iSBsduX41rtsQmJZusH5fnOtd1BNxY8AevPrxqXPcSUv22++kHNMySSJSEyTKto9vxo3l2dyEhR1GAAqxEDa9fNVKTWJPWI7Q2tHnLXV92rULkj7p9d6y+ySJAgg/r+9DsNmRgOEykwIEWgb+dGEY1QMk+lr1GwHhY4ldNgRBz+IOhQI3j5Xpfw2KDa1OHcklA+zO589wKb8S2hwFaIHOxjlfkaTMX2cxTjwCQkIJ+MqGlI5wDJPIfdch1KiQ1ryqht33aNmV4yUibk7DiSaPM4UEDUKpZLk7eHFpUuIK1bnyGyR09yanfxgAJ5V6FKlsW7w6jbm7svOPJQCdgBflFccz/tIpx9whUAwEweRSQeW/A8xTtmGa60KbBEqt+O/5muX59g3inun0bKSdaZg2AMlNjISjfkDRB0qPY8COpKaYJHMI4bGNuIWH0FQ1BaiVEFSo0GCmJtzO08xW2ctjvEuo0iVRHi+tOwElUBIk9RztQ75BZLaUg7GfrAgiDcT/c1d0Lw7QxD6dShPdt7FajspXFKBueJodvex7Wjt9smUs8zcqd8IKQgBPmQTJjh/SmbstmpCNJIN+IuPWuV4jM3itSnfEVGSeJmimVZsmR4rcjTamnIXEnWsrYM7jhsYoKA1KVqgwN/c8KNd/bbVbb+9c77P5smZJ4b/AK9aZV5wlKdRXbz/AFepBX2YmtRJOJczTJ8Piv8AGwra4EBRELA6KTBHoaUs2+jop8WEdKT/AKbqiU/yrEkfzT50caztazCQY5qsPz+VEU4hUwVyTwA/P+ladX5j62mCky8Gc/w2HxzJ0vYVw8AoJKxHOUSOvP2pkweIhEKSU8taSJ96YXsQhMAyTzk/KpVPoKYKQoWMK8Q+dKcIzHIHz2h9obZEDtuypIF4jatcxe0OaU8Rfz5egrTNM2ZQ4lKUjWqPhtAmJPCOG16DsZhrK3T8KSYJ5evP8qRtuLc55lKKbbvSZzjHJZ8SjczY/l5Up4rFLeJ0q8JIlMRIsbnje/pVTP8AMy+9IMpFh16/rlVnJUXmJj76sWkKa7usJGvDeHyxju0jEAuCZSi+54jkaGp7ONd+FYfvESfGhSytIAFjJuD8IuTtRrBMqXckAzc/ZHHy/OiAdCDpbAjmRJJ6fq9U6Smz3LHu/eTamooOPFLeWZchpASkUQbF5iaAvurXuoRvAI4XPnUmXtrUtKRJAIMSY3+XlXqhhewnnlTyY65c4pRk2Smr9QYdrQAnjurz4CpZomPSKA6zNer01ighSQmtkcT0qMmthsaNeYLcSjiBNLfaJlakFCCkKVIBVtIg39AfWKZXN6A50kFEm4JIisrZQiIYXEQV9gcS6dbjjAj6oUsz0+EXNexfZjENCUlASnikOCB5RJ8gDTC1mEK0vbjYgdI9440WbxCQjvEqkbc/Yc5I+deO7i1uIgKDEHC5laS8k7XSVCfPUkA0WwmfEKTqUlQEC28DjvFqE53j2HHFILBCx9hKwQZ8WoJMFUDaJ9q9l+JwSUyJDiSSNRUdjII2B4WgmZF+Mz6e4vacjWODOkYJ5O+kHVBBIIVeOB4castOuagEFIF5EbDnO8z19qU8P2qakqUk6p8SekCCDsZ/XGjDWdApU2E6VRqQNiob+h3t/WupkU1zPfFGy3GfWGF4i91yOSRc+toqs86hSVCFGIkAp1XnYRfjQbD5k2seFSg5fwr2MTtHnz4Us59mrrSwQpevUANJSRMxc7EzaL70Bas523+katFRGnE4XDuEpC3G1wDeFATta3S00EzRnE4cFZJcbF9bclIH8Q3R6iOpqrie0aDAxCQlZsYuFkEEBBEqkkfDcVpl3afS9KdWkkA3FjcGYF7Rv/YhScC7L89OkNRfCnPl8zBv/qxYMgiJ3hMnyJrLmZN4hOp4hAHEJkmd5k3PrTUvsrgMagqSgsLFtTUAeqPhHoBShnf0eY5sfuil5H8J0r/4m3so1TT7M8Y95MzMDkQbjRgnBEOEiwOpI6/ZpfxOWN/5ZI9b1hwrbJbcSpCh9VaSCOsED3rDT4JvvVqqyDBiGIbpN8Lm2IYEEagOf58aYMn7WNlYLiik/wAWw6CLUJbGqx2NV8Vk0DlS2Wk/iFj6RivUHBuJ1bA5gh0ApUkjhBEGjuEGmVA3jfrzrhOBDrCtTSik8Y2PmNjXQOzvaoKhDvgUY3PhMcj+B+debqdIy95Df7yumwcWOI7NoBMqJNUM6zkNJMXPAVT7QZ63h0yTKlWSJuevQDn+dIWLxjji9ZN+Q2A5Cp9Ppi/ebj7xpsDKuJffU444SdTkzMkDlHVMCD0rXMcfilJKGyENmPAOQEATv+dMGVYXvrRfn+dW8xZZwqZVC3OHIV6YqgEC0U9OwOYjYB9U6VgpUOe1dCyvDBCEqMSRMSJm4nmIia55iXFOLBkzNrR7Cn7sblC1S46SZ57n+lPfTmra2POTpqAgIMvuYRRCVqJBJ2ExEbnr+dTsiDEEk2jiPLe9oplQIqVnDFSvCLnjxq5aIUbV4khqkm5gXB5O8sgQEjjJv7Dj0tTfgMClhIAjV93U9a3RpZTG6vu/rUbbhJk1rFUwOYI3PzxLqDW01Gk1tNDNM2mvVrNerpkkqRviKjrINEDYzCLiV30nn/ShGZsFSFAbm4HXin14UeeRNxxobjkwP19/6IppiIjdpUgBDg6e3M9BN6Uv/Uj7KlFpU7+ACeBIOgyFABMzuLQeNOnaBnvkKRq0mdQMSQRNwLT/AGMDjzt5ZS2FHSVi1zt5T0BM8Z6mvNr0wHuRzJags15TzzELCg+7rlwlXhCgAVSTMgAKmIA+UVaQw46yoqcQltR8JIvFp5wUiIPG4mgzc4h1KCdSExI1BIsInjHDaaJ4pnXN4KCm3ikpJVCSFRvHGI4dMYWAHWDeW8owxU6yhTwJK0/BJGmUzqk2M+Q2tTX2vxyWyTtpjSeRHKkrLl68W0PBhyVAJXI8CiFlBImFJUrQk2sOIkEk+2uVPqf0942viYUfDO8pI/O0c6VU05dlc4E9XR6ladM7j7SzhcyRiFg6gjEJ+Hgh6IVI2hXEp/Q1fXDpOoCJspJmYvEyDJnl50j5y4p14QfFtqMDrqMWHA24UYTmmLZQ0vEth5CwopJH7wBJ0qkxtxvMjjRHTHBX6fiMoa/G2pMZ1gm1q7wKUCq8kybRAHGRfyq9gcWxhkdymFFZSpRsQZiAkfEjgZ4fKpFpS8lLikOJSQYS4hSJ6hZhO3InhaKlwOUkqW54UykglS5iZTwHIgQL+Vaz93a/SNQi+5IVyrEqSNXeLQswoJIJ1RNlaZgXN+EmujZfjQZvN4ibf3iueZJh8Ow7q1qUoiDcRYybRuSL0dw+ZoIhJsnafy5VA5s11j2O/mMma5axiE6XUIWDsFAH1vsa5r2n+jgJleFOn+EkkenEfOnnBZmDA1XImpMTiwAJNjY+daK5TIx9oAS+DmcPbK21926kpWnaePUcDTRlpC0+IdKJdqsuS8CCIULpVyP5cxSZlWYqQopVYgwR1FU37ZNy8ztvZNniMzuUSJSJG9UTgzMRTBlmYJWIJi1FEZaj41RpHueQA3J6VKaxU2MsUC2Yh43J1KEmZSLGbgbwOQ3tVTC41KPC8bjaBJP5Ux9pEuQSo6E8AD4vltSY3l5UqwMnbnVtH+4vek1V9jYj9kWYBLSykDSYGqfEDe3rNeGQqeOt2w4A/j1qfs3lwaaGogrmYINrR79aPMYHWoazw+tcDhzAn0406jpwrXPMRWrboPy7JcM2Zso9Lx7UwYV5JgJBPCwNXMuyt0j6oE7wIA9AATRBPc4caioqVtqUSethx9BV4so8pITfia4XLCRqWdKfnUuJx6GxpQPz9eVCMZnK3D4ZA58fTkKgZFTVNT0SNSgeWhBDhUZNEGKoYdNEGqBPMxjSyk1tNaCszT4mb6q9Wk16umWk81ma0msg1060kCo8q0fbt0rIqNT0b7UauBgxbJfIiznGFbSdQKgeJk/OAa4z2qwq2sQskS2oKKD8QJ3iQTETx2gV9Cv4VKhYA9KU85yNtyUd2RIuOHpsfaT0rXphoh1vOP4XEdw02kJQSspUtcbBRRxVsQLWi5NzetsAO+bUtSlaioyAQSiCLTMqkTe2/Kpu12SuYciVBYMwTqmbwCFAXEn3NR5ToQy3pJsT3pj4T9ad58JEQCdtuEVRNov1vJiLCDWnEJeSXV6FhbQtMbjUZjwgfaM77Ux4h06VLABF0pI3KREiQTEm8G9j5UpYjCuhzvkJkhSSE3mZKthcjyq23j9YUoNEJMGxnx8zqJJk3nh0FE6bgCIRW4BEkYypnW2Q6udcGEgEkCQEFUAE8FKtcGLRTgyVAAKZahpC0Jg94UpXuk+M6jdajqHC8SBSEM0IUhIBQAoGRJUkyFSBPxCAP5U8RRZzMMSUGfFrUViNpULza8nTYx86yorEAGYb2zDOe4lSgsFezZ0ApMAkSIJgGbX8p6KCw6B4HJAAJBUSDvxNgbG01YdbdaUe88SfhUmCUkeKADwTEm1GBk4dSHEBbRJMTdKrJtE+FI8xvBiLCtqYt0nK5Tgxew2NdUvSFSbcfxptyZawkkwRp1CSIngOZB2tefKkzEYJTayPFrt4QkzfoNoowjMlsoEtaZjSSN9pJEwTIFo6GirU9w7sc1ep+kx6RmaEkIiFAnlFoBESY3N5ipjmyVbke9I+WYoKSF6gCFEqk8TERa0/16VQzUutOKiyTted/nz3+dRjSbja8p0msK918x5xOJCxEiaQM+a/+4cjmPfSKtZY86tWx9KJf+m3nVEgGSSfeqdPp2psZXX1AqKBBWV5gtNjcc+P9afMuzhQSgp8QM247R6catdn/o8TAU9HlP5U5Zf2UwyPgavzkz7zPsaOroxUN5lPVFBaIhwanValDWo7AHwp8rXPWi2A7NXB7squJIB//qOtPbGWNNXhKT7q/pUeMzhprkD1uT5JFOWiqDJsIo1SxxBuA7M2lXhEkkkgcrQLbW96IJThmBIAUR9ZWw9TQDHdpFr+H3V+AFqEPPqWZUok9fw5UD6lF8IhrRdvEYw5h2kKrIv1NkjyHH1oQXFLMqJJ61VbFXGUVI9RnOTKFRU4lhhNEcOiqzDdEsO3RosxjLDKKtIqJsVMKqURDGSTXhWk1tNHAm816tK9XTrSeayDWhrKa6dJJqnizVoVTxdLqcQk5ldD5TVn9pSoQoA+f51RVWopSVmSMakrTOaZM2+kpJERsoAj7qSM3+jfSlamisW+FIStJ9zIp/Z2q1hN6uFnGRIHpgXE+cM0yjENCFJUFAncFMi3ONonjvQzBYZxJCj4YMwqTO8mOI2B9TX012j/AMM+Vc9xP/s3PNX30JpWEQVsJyzBZKtbniFxpKRPhMmLxsIgyOBB2M1ccwIbgrcJCdhvchRVKYNgIPnbnR3Af4Kv9yP/ABoRj/jV5K+41GXLNaKLEmXV5gQykX8QgJ4kfbUNtO4jjbaL+S7KEpAOtKTJKwVW0qnUkgFOyfisEmagX/7dv/4T/wCVCnNkf/Gr/wA01iIGM5Rc2lNOZOd8VoUQdSiIMgSCLTxvY8DFSYt5JG5uOg2kbRaLET/Wg7X4VdwHxj0qsoLxxQSTBNurOltK1TEFKVcIIsmeVdE7L9mn3YViUQALJUZUoniRePeTJozkHwJ9K6VkPwCjFMczQoJvFvLuyQG6NI9BTBhcrbb20jyEmruI3qpj/wDDV5GmHAvHAXNp7E41lr4lJH+439hc0Gx3a5As2FK/6p/P5UoL+JXmaxXnNqmOBiXLplHOYSxedvOfW0jkm3z3+dDprBrFTsxbkx4UDibTUiBUKanaobTTLLKKIMNVWYonh6aogEyxh2qvNpqBr9fKrKaoURLGSCtxWlbJpoizN62rQVua2ZPaqxW1erp0/9k=','jpeg'),(3,'sRBG','Lorem oad8sjuP ipsum dolor sit amet, consectetur adipisicing elit, sed do eiusmod tempor incididunt ut labore et dolore magna aliqua. Ut enim ad minim veniam, quis nostrud exercitation ullamco laboris nisi ut aliquip ex ea commodo',59188,'0',1,'2017-03-06 16:42:45','2017-03-06 16:42:45',NULL,'/9j/4AAQSkZJRgABAQAAAQABAAD/2wCEAAkGBxITEhUTExMWFhUXGRYaGBgXGBcfFxgeGx0XFx0dGx4aHiggGBolHR0YITEhJSkrLi4uHR8zODMtNygtLisBCgoKDg0OGxAQGzYmICUtLSstLy4tLS0vLy8tLS0vLS0tLy0tLS0wLS0tLS0tLS0vLS0tLS0tLS0tLS0tLS0tLf/AABEIALkBEQMBIgACEQEDEQH/xAAcAAACAgMBAQAAAAAAAAAAAAAFBgMEAQIHAAj/xABEEAABAwIEAwYCBwYGAQMFAAABAgMRACEEBRIxQVFhBhMicYGRMqEHQlKxwdHwFCNiguHxM0NTcpKishY0cxUkY8LS/8QAGgEAAwEBAQEAAAAAAAAAAAAAAgMEAQAFBv/EADIRAAIBAwMBBwMDAwUAAAAAAAECAAMRIQQSMUETIjJRYXHwkbHRQoGhFCPhBSQzYsH/2gAMAwEAAhEDEQA/AOjRavAVtFZAqeVzAFbgV4CtgK206eArYCq2JxyEbmSdgKGOZq6uzaY3iIPlJPE8PT0wkCcMw9Fal5A3UPcUAbwL5lTqzED4jsduQgfLerIye2oK1HhBF+O5Fr13ePAgM1oS/b2v9RPzrAzNn/UTS52ffbxWtIChoOkyFCCDMC4nhBvx8zbVgGCQjUANhEjpHxdd+taQ9uPt+ZytuPz8Q83i2zsoGpkrB2IPkRSqcnw/elrvT3gTJSfsnSknUQZ2TeZqvmWZM4f4n0EjcIJMdTwSPPbpQkuvI+fzCtu8GY6RWFqAEkgAcSYFc3c7cOgfuhY/WVEekwD/ACyelLOadpyo6nsSVG3hTeNxaQBHkEkc67tPISpNGxyxsJ1PMO1mFatr1k7adj0CjYnoJNLeZds3zOkBpPM2Puq89NKeF6BZDkWJxqO9Z7pltVi6slbpjfw7x0WflFN+W/R5hUkKfUvErH+oYQOFkJ4dCTQ99oz/AG9L1P1irg87dU7LHePuj/TSSBPEkyQPMkV03I1PlhBxCdLsHUJBi5iSLTETHGas4bDobSENoShI2SkAJHoKmo6dPZ1idRqRVsAtvvMHaqeFsoirbirVRZ+JXOnrImmcc8EjrUGBxKimCPhmP0KgcuqDuN6u4ZuBRkYigcwlg3ApM1gN6STMzVbKlfEOtX1msBxeaebSgtSjsUn5H51vg2wmdUX5kUJzd1xABbRrlQBE7C9/uqDB4hSwklOknhy+6lmrY2tGdl3d0PsNgLMGRwjh5mpibiqGHxaEpgGVTepE44E7T7UfWD0tL4rR7VHhietah4RIO288K2Q8DxooEjwTSkzq+VWwK0Cq2mumSNWoTIBHCJn1rTWo7J96kU+naazQGMWQaV/w/OvVPXqy5hWEDaa2Ar3Csg0qOnoi/CqGLeWrwokff/asY95RUEp9f69BPyJ5UVwOECEifi5muUbotzYcwY3k6RK3L8SP1v6/K9bZfjVFRScOpsRKVSCgjhexB6RRU6gYMVo4kJGpaglI4kgAepqhVAivSLeK7UYb94lwqQWrkQRq6J5n+9qB5R2vcC0B/DpZw7xIQuVG+w1qNiYHpF6I5z2jy2TpbGKcTH+GgFKT/vPhT5ilPtB2wW+NKgy0kbJQlLix/MrwJ9DNIauq9bmWpoK9Tjuj1/HP295N25l7EhLa0MIZR/jAaZMToChY8BHCJ51rkHavFMNKSV/tVzoURCU34uKIny9ieI3B5NjMT4kYdZB/zcQfDHTXAI5aUk0ba+jtYTrxGJUpRHwtIJSIE/Erh5JFqHfVfKi0Yun0tA99tx+dIBzPPu9UtxxxKVqACu5TBhJMAqIv66h99R5bl2JfWENMpQo7LfVCvNKTKpPNKAKdsq7KsJu00gFO61E6pvfUokn7uVDM/wD2PCwWcV3b4UCVoWTymyRcnmRXdmAbuZp1VRhtop/HwCKXaPLU4c6XX1uOAwvSk6En7MXUVeoon2Z7BoxSA8NYM21jlxAn7/QjehiFEYlWLX3jylLUv94ENNSoaSSVmVQDFgKJYztliNMd+G0C2jDpgRy1r0/Kaw1KYFgJg01eob1Db3j/AJRhUYBvSt1KYt4ikQBwFhKekc+N6xjPpEwqSUtJcfWODaTHuRt1iuSYvHFI71bSing46HF6vIq0oUf5TVns6w/j3koGtDI+JRskCFq8KEwn6pF+lLG8cRppadfG1z88vzGnMvpFxijpAZw3r3jnsmY9Qn5UuuZtiHnUnvMQ+6khSQCQAQZBDaNSt+oro+XdgsA2ApSVvH/8ivD/AMEaUn1BphYLbKdLSENp5ISEj2FaVJ8RndvTTCLNMpxjy8OyrEI7t5SfGmIggkbfVkAGOE1sl2FVTzLHWBHA1XbxBcI02HEmnK/FpA65l5sSta+Zt6Wq1hnSSroKqqEJgcq2yp4qC53EfjTd3SJ2y1gXIKverrj02FB2mFKXYwOJoqYArU4gtzKuK2ochV6u4gzVXRXbbm8INYSxlbJ0rMXvQ59am1atwN/LnRrAO6aizjDiAYlJ5bpPSsPcHpOHexN8FikrGpJkRw6zWi4/taha8IplhYYgurMgLOkcBHIGJ2i5FCG84xSbO4R4dUJ1j3RNdzOvbmNGr+JXua2SeZJ8yaCYbONVu7eB6tLH3ijOHaWd0kDnau2Tt/lLKVW2q/hT4RUDDPNU1cFcxHAnAHkzNYrNYoIcCKXUmFvq8vxE/Kl/Nu02Ew4/ePJkfVT4lew29aXMb9ILonuGA2CCNb5ifJAufSamLjrLl0tRxgfWO2EaHegmOZPK439z71R7SdqMK2dIxMrGzTSA4SRfhEH+YVyfNe0Ljs96649/CDoa5/Cm52O5TtRLA9nH3WtaVpSg/Ehoabcyfreur8KNarnwiF/R0aX/ACvc+Q+fiMObfSQ/cNobY/icOt3/AIJsk9FH1oCxh8fmBCktvPgx+8fOlkdUiQiOg1eVM2XtZPhNJ8DjsAwQXXQeiYhJ6hIrfMPpF0n921FjBfWEf9Eyr5Desax8bX9pRTLjFClb1P8AmaZb9GqiAcZiSQP8tmyB/MQPkgedMScjy3Bpksspj6zkKX/ycJPtXM8x7Tv4hc6ipR2DLYTtyUvUo/8AGvYfIMc+qzASd9b5JN+feSeeya1XHFNYL6djnUVf2Hz/AMnQcb2/wqZDSXHyLQ2nwi3FRsKV8d9I+IUSEBlgefeOR5Dwg7bxWMH2CdWrTiXlmDsg2A5yqRHQJFNWW9h8C1cMJWebkr+SvCNuAowtV+TaIZ9JRI2ru9/lpzJGY4jFLKR+0YmTsJDYm90t2HvV1jsljlOBIbbY1R9gEb8RqUbcJmuvMYSDAVCRskQPSw2qdRQk3iT71q6ZeTBqf6i5G1QAJzzC/Ro2lQLzjjxgSR4EzcXJKl8tiKuZrhMHgwnuWmm1/WdKSpYERAKtSyomISDwpjzZT7h7tmED6ziiTHkkWJ6k1bwmWN6fGmeMq4/jTgir0kjVnbJMTk9nEYhv9oeDiiojT3qVBUA6jpSq6QQk7gT7UYyPAIw7TiogJSRsL2UBcb3UBRx5feKAG3Cl3PMR+0ujBtGUIMvrBEBQ2T10zqn7egc4nfvNcfPn2mK+LSXLsWruGdXxFtBPqAa0exJNb4kSTFhsByAsPlFVwkjhU7tcytRiV8U8YiqmDzHQYNvxompqeFDcZlyVCFC3z9ORoRdciEQCLQujNEkb1PluYoCyLDVF+ZG330iYjL3UHwOkjkbkfnUmXJeDiCViApJPhOwIJ40YrkGJNGdWQNI61hxy0+VaOukEx0qDEu2irywEktNXFVFNRuL8PWahS786zfO2wi1WMa45pASYE3qNk9D8qJMgFJtRXuJgWxixmSjrIn4fCOVqpHHrR9r0IP3xRZ3JTzqNOSKrzStS95eNlrSi3nbuwC/l+dE8E66q6z6TU2HyaKK4fBBNGqOeYJKDiTYQGKtio0JrcVSosIgm82mvVivVsGcJY7PLbALzjGCT/EQp70Ek/wDYeVXmRluH8XdOYlf234Sg9YXAV7KNS4HsJjV3W43hwfseJfrG/wDzo5gfo4wiTqdU48r+JWlM+SfF/wBqiCtPeqail+pifQYHz94q5j2uCtQShhGo7Ib1ny1K0pGwFgdhyoQrFYh4QhlxwGdwpSbdEBKLdRXV8V2cwwaKG2ktcQpsBK0kbKCt5B5muf5ml3Dua1qXh3R8OLYB7pzl3zafhV1AIN/CN6LZc3Jkra3YP7a2g3LMudcVoeU6ymY0IaAn01ISNxzpqa7E4VI8AcWSJHeWP/SAf1vWuC7b5klIU/hGscz/AK2HI1dSrRqTPQpTRTLfpKyxVlF/DK4pcQoi/wDs1fOnqijpI31dR+SZns/lqsE2R43XFkboCQmJgWA1QDczeqv7Viy+VhhYQVDxtqBMJsUpCzAvNtt+c014TtXgnYCMdhl9FLQFf8SQavtFBUVJDapgWdOmOiTIB8qfuEjKsesXcT2kaSEtqQ4FyI73THnKb7cr1eRnYb/xX2z3klsok8ogAHhFvPeiOIwDTitS2G1ERcqSfPhIiTWy2WxB0NIgASFwQOQIuB5V2+aVMG5TClKc75xwkQQpATHppHp0oi3hCvxKSAOqiTaYsLD3qpiO0GGYSA5jMO2BwW6Co+WpUk0Bxv0kZak6UvOYhfBDLajPlbSfesL+Qmi8a28SUGCEJSLANqKirzlA0+Qmo8diYQXHnEstJElSyAB70j43tljVJ1N4dnANH/OxqxrP+1sX1dDNLSccrEOBbTeIzbEA2ddQpODaPNLaYFv4inzoTc8zsARzx/aYvNq/ZycNhRZeMd8JVw0tA+KTYbajaALGrPZxCQ3LaC20bN6hDjm/7xX2U76U9SoyTQ7Kex7zi04jM3UrWn/DYkd03y8KLDyFzxO83M3zhxu6W5BsFH8ht5UirVFMXM3ei+KGO7FYU2KSU9o8QqJVEzGkCnPs/mLjiLgWMFWlIn2F6kTVUy204jF1G42Anu75D2FRuYJatkKP8ppgbe6k+dbOMhQo1rK5xxHFiIpryRw/5Z+X41r/APQHOUXiJH9qPvSiZFuB4GtGcXO9T6nUUqbhF5jKYdheS4RhegJWLpETa9aPYRQFgT5A1Hje8KD3JGrhq260q47MnkK0rxSULNtN7bqmw5DjVg1dMgWvIazmmciMS21AXSR0ioUoM7R+vSaAI7RuwpYxailP1Q2L+RVY3ohg+07io1tgg/aSJ+4UAr0weT8/eLGrU8iGmG/XpFGMI3agis6aSNSkEDYkHY8rk0WwOaNLHhMdD/SqUqqWsDmH2imXNFe0VvXop1oV5rprYCs1mK6dMVtXhWa6dMVmvV6unQXFerYitTSrR00cTIil3ME6ZSoAg8CJB9KPuvpHGguaYpChFJqgWvfMdTibiOzeH7zvWXHcI59plRj1EzHQVq/gcyI+LB5gOTraA78tCp6kmiToPKoVNTSlrsMHM1tOpyMRcxeHQmf2jJXEcyy65HoCkiOkmg7reUA+LD45v1ZO17E3O/3V0FlTyfgdWBy1GPbapDicSd1JV/ubbP8A+s0wahfKKOlPQic4JymLHMI6dz58+o+VVivKZnuMYuftONAc90gmur4TAYl3ZjD6eK1tpCB68fSaNMYTDsiXEpdXezbBCLXtAJPqRPKmLVBzx74iaiinyROOZSyh1WnBZP3qubi3HEj/AHfClI81CnzKeyWPIHf4lnBo4tYNtHeeRXsk+SlUce7aNA6ChxsXhOgJHtNbuZkXG9bMkceY6EeXGiFej53k3ag8GUTkOW4TS4tkvOqgB3FKLq1EXF1+BJnkBU2I7aN92ook6I8HwwDfaIHlRbHMJW2WyAoRsYi363rm+aMPJWUhpZCiQrSiTEb2FwBefOvPbWVHchOIFQsIXwnalb6lLT4UoQqUn7QgXPEQZtyo1lmOTiEFtQEkbRAIIgkE8ZnakXs1hHUPBkoP7yRpIIVcSDB2FjfaJvXUMsytthKZILkHY2E3Mc/OlvUdXLHiFRotUNoKR2a75tBILakmCVbqA47XtYE0UU73UIMIAskcI6c/vomHjWr7aXBpWAR+tuR61E9qnBsZ6lCktHpeVWMV1q2jF0uZlgH2fE1qcRxA+NI8h8Q8vaq+Gzckwd5gja/4UKGpTlDU1bIjol9JEK9eVVn8AmJSdPQm1C/2wSEjciTx9LcatMYmRMCOv63q3eri1QXk21lPdM8pTiBJTbmLj8/eosdgMPiUgPNpcifFcKTwMKTBHoaIoxANhFR4hhs9D0MH8q5EAyhmMb4YRVxHYZpJ1MYhxrhpVC0zcCCYIg85oZjclxOGSpclwJG+kmYiTINo/ijjE06u4dYA0HWJ+1ChF+Nj6msF1aTurre/9/Sjb/sJO2lpvxgxGw3aVt5lTL4I1W1ok6diCQbmDG3KtchzBSl6FWUkwQJ8JTKTvTZnHZvD4qFqQW3Nw42YV/MBZfqJ6ilfG5O4yslaSJsHESQofxWuYF5I2txnqguJFUovTNzkRuyvNFalSoBI258Ot6PYfMUnf5Uh5evuiEqIJXqgjYEmQPKKLNqIJj05DgaOn/qFRWCOL+sJXNrxzQsG4M1tNLmGxxSd4PyNHcK+FjrXrKQy7hHK95PXpr0V6uhzM16tazWToMeeAobicSo7VdUzNa90kUo3MoFhAxwzi9zU7OXJG9EFk8BUf7Mo0AQQ9xlPEsIjahasHewplby3nVpGBQm6vbj/AErjRLQe1CxYwuWqWYSnz5DzPCiYwbDIlwpWrqYR7H4vW3SibrwiBCReAP1ekVxKnHVBwAqulUWkeFMiOIEVNXqU9P0uf4Elq6pjgRjznEYgoHcBBVxUojSgD7KIlR8gfI0i57lOPRLi5dHFSVEwI4gwQN+EV0BboZSIE8+ZgAe+woS5mDqyQDH+37q8qrrjUe5EW1JTzzEDLcQlVnSVNncSbdRyPUdaN5Cvu3u7S5Lbko8UyCZA24z8quZr2eQVd6PCTBWEpsOagBx5j150aynE4dAHdJSqNlGFKnaZ4HyitNZeek6lo3qNYdJD2eaxBVocBECFSnwztqCp3InwxvB22aUqgQnp61SXiQqTPCwqLDYrxDzH30NOoN1h1l9PTdms92nS6P3qBq0ghVvGEkgmDuRYSOlAsHnba4hQM2n+vKmlnGgnfzoB2k7JNveNghp08vgWd/GBsf4h6g1RUoLWO+8po1VQbGH7/mEMO9Im351Mysk2M+Vc6XmGKwSgnEIUkTAJ+FW+yhY+QM0wdns/QUqk7SZ5yeHrS+yCeKa6n9OY5l4AxvwqvmWFadT+8QFQRBkgj+ZMEe9UmMSDeZJrzrxJ+ce9NpNc5iCtpQc7POtkqw69Y4oVAV6K2Udt49aDHN1JXocBSUzqQux3ib04B6NzB62PCtsXhGnwEuIC08NQ2n7J3T5im2XgTrnrBGW5iVgeIAXtF423/XpRNnEDb4p4WMRvQLG9k3Wjrwi7f6Sz/wCKjv5K/wCVB8N2iUhwtvJU2tO6YggdZ++81gDKZtg3E6AjEieXQitnUoUPGB+uXL0pRbz0OKTKglI3PqKLoxMapMJAkes7ULVT14mdlL7TWyUmAJi9/wAxWSpad5I58Khw+IhInfc+tTIxY40DV19pvZmD8yyZt5BSCpkx/l6QB/LEEdBG/rXjli0gQdQAFwbmI362okkpVVbEY1CDEk+ogVlRwQGP1iv6UMbAZgzFpVAPw8yefK9G8iWe7BmeE+XlVZrGIVMwU7EGCP7Vo3maUHQ2kaZ+EdeUDeq9LrqaAbvn7QTon4EaG1yK2qrhnLxVmvYYSZTM16vV6hhQWEE1InDVbCK2CaEKIe6QJYFSJbqWKjxD2nz+6jAgM1ph1YT5/dVFbmqQFeKqDrxKz4rTz/KqOIx2hUAXHE/0/OkVtVSpCzGKPrNs6fcQmYFh4hwPCLepHnVHCMJSnvQZF4PUwQPS49Ku4hal6zAIkBU8RBuPWfcVDh8GEykLGlV9KpBSeY518zWYPe3HSYFzJ1NF1QmYhJ9xP41ewuBCdgJqJxxKU2PwgCegsKBYjNSeJ8RgRuDwj1t1mpwO9KBj3jOGEi5iaVzk/dOuFq6HDq/2mTai+Bw69ILhBXvA2HQxYmpnARVBVlW5GI9aG7JNjBbTTthpVcEz5fqa1wuIM6djqG43g/I/lRzL3HTKUiR9o/V8j+H3VRzx5nBjX8TqiPErZMwJjZIHP50+nSAUVE/kfbzlALk7GNz0/wAybDNR8RjjB3vxjcCiXfJPERXOGsc8XXVlZg6QVlKtMkAaUAeI3mb2vcbVFmueP4dJLel1bapWkKErBsNIJnjMAE2400dteygZ4hNQWxN+PSdLxQbcSW3EJKFCCFBJSR5HekjOvo/A/eYJwJVBlpSiUKB+yTJQeMGR5UXazUFttalBBIHhO8wJF+O1EsvxqVETx2UDx601K24ZiSjJxOZ4HPXcK53T6FIX9lX3g7EdRIptwectveJKhNuP6mmXN8jYxTZbfSHBukmyknmlQuD5fOub5z2DxeEleFUp9v7P+aB6WXx2g8kmj7EcrzOFXdzHMYlSjcyPuM/jVpjGmLmw6XNcxyvtOtJKXCQUggpUDqBvYg3BpqyrtEhUbbf094pDblPejNlxiNqMYeKojhFaZnlmHxSAl5sLtY7KTP2VJun0NBRi0z8QI4Rxm81ew7trG9z+uVLWsb2mGn1ilm/YXENeLCud8gfUWQl2OQPwr9dPrVTB52Ur7t9KkLTulYKVb2sbkG/nzrobWJMAjY1riQ08NDraVjkoAj0nY9a5qyPh8Q03D1gjB48OAmeX3VebBJjh+vaqeI7PYZF0OKaO8BWoeoVceUitGMXpJHeJUInVMC3FXKp3UK3nHqLi6y1i3+7Ckk3mBG56Ch/iKtpXuE7hP5+dYzTNGkN/tC1ADTM8AbTA3JKrDjtSknP1rQ5JKO8UjQB8WgSYPQmCee16NKBb2ELdYW6xlzjMO5BRJ1ESTy6/fWuSY8qKTvI5C0/ja5oA+HcY6ElUpSAFKgCYvFuO5NN2CwKUJAA2r1NJowAH69JHWr37sO5Qs6xTEveg2T4eBPPajC969W1lnnk96emvVrXqGdJa9WJrwvWzphxzSJ9qBY3GASSaJZg58qUu0OIW2hS0iSBsduX41rtsQmJZusH5fnOtd1BNxY8AevPrxqXPcSUv22++kHNMySSJSEyTKto9vxo3l2dyEhR1GAAqxEDa9fNVKTWJPWI7Q2tHnLXV92rULkj7p9d6y+ySJAgg/r+9DsNmRgOEykwIEWgb+dGEY1QMk+lr1GwHhY4ldNgRBz+IOhQI3j5Xpfw2KDa1OHcklA+zO589wKb8S2hwFaIHOxjlfkaTMX2cxTjwCQkIJ+MqGlI5wDJPIfdch1KiQ1ryqht33aNmV4yUibk7DiSaPM4UEDUKpZLk7eHFpUuIK1bnyGyR09yanfxgAJ5V6FKlsW7w6jbm7svOPJQCdgBflFccz/tIpx9whUAwEweRSQeW/A8xTtmGa60KbBEqt+O/5muX59g3inun0bKSdaZg2AMlNjISjfkDRB0qPY8COpKaYJHMI4bGNuIWH0FQ1BaiVEFSo0GCmJtzO08xW2ctjvEuo0iVRHi+tOwElUBIk9RztQ75BZLaUg7GfrAgiDcT/c1d0Lw7QxD6dShPdt7FajspXFKBueJodvex7Wjt9smUs8zcqd8IKQgBPmQTJjh/SmbstmpCNJIN+IuPWuV4jM3itSnfEVGSeJmimVZsmR4rcjTamnIXEnWsrYM7jhsYoKA1KVqgwN/c8KNd/bbVbb+9c77P5smZJ4b/AK9aZV5wlKdRXbz/AFepBX2YmtRJOJczTJ8Piv8AGwra4EBRELA6KTBHoaUs2+jop8WEdKT/AKbqiU/yrEkfzT50caztazCQY5qsPz+VEU4hUwVyTwA/P+ladX5j62mCky8Gc/w2HxzJ0vYVw8AoJKxHOUSOvP2pkweIhEKSU8taSJ96YXsQhMAyTzk/KpVPoKYKQoWMK8Q+dKcIzHIHz2h9obZEDtuypIF4jatcxe0OaU8Rfz5egrTNM2ZQ4lKUjWqPhtAmJPCOG16DsZhrK3T8KSYJ5evP8qRtuLc55lKKbbvSZzjHJZ8SjczY/l5Up4rFLeJ0q8JIlMRIsbnje/pVTP8AMy+9IMpFh16/rlVnJUXmJj76sWkKa7usJGvDeHyxju0jEAuCZSi+54jkaGp7ONd+FYfvESfGhSytIAFjJuD8IuTtRrBMqXckAzc/ZHHy/OiAdCDpbAjmRJJ6fq9U6Smz3LHu/eTamooOPFLeWZchpASkUQbF5iaAvurXuoRvAI4XPnUmXtrUtKRJAIMSY3+XlXqhhewnnlTyY65c4pRk2Smr9QYdrQAnjurz4CpZomPSKA6zNer01ighSQmtkcT0qMmthsaNeYLcSjiBNLfaJlakFCCkKVIBVtIg39AfWKZXN6A50kFEm4JIisrZQiIYXEQV9gcS6dbjjAj6oUsz0+EXNexfZjENCUlASnikOCB5RJ8gDTC1mEK0vbjYgdI9440WbxCQjvEqkbc/Yc5I+deO7i1uIgKDEHC5laS8k7XSVCfPUkA0WwmfEKTqUlQEC28DjvFqE53j2HHFILBCx9hKwQZ8WoJMFUDaJ9q9l+JwSUyJDiSSNRUdjII2B4WgmZF+Mz6e4vacjWODOkYJ5O+kHVBBIIVeOB4castOuagEFIF5EbDnO8z19qU8P2qakqUk6p8SekCCDsZ/XGjDWdApU2E6VRqQNiob+h3t/WupkU1zPfFGy3GfWGF4i91yOSRc+toqs86hSVCFGIkAp1XnYRfjQbD5k2seFSg5fwr2MTtHnz4Us59mrrSwQpevUANJSRMxc7EzaL70Bas523+katFRGnE4XDuEpC3G1wDeFATta3S00EzRnE4cFZJcbF9bclIH8Q3R6iOpqrie0aDAxCQlZsYuFkEEBBEqkkfDcVpl3afS9KdWkkA3FjcGYF7Rv/YhScC7L89OkNRfCnPl8zBv/qxYMgiJ3hMnyJrLmZN4hOp4hAHEJkmd5k3PrTUvsrgMagqSgsLFtTUAeqPhHoBShnf0eY5sfuil5H8J0r/4m3so1TT7M8Y95MzMDkQbjRgnBEOEiwOpI6/ZpfxOWN/5ZI9b1hwrbJbcSpCh9VaSCOsED3rDT4JvvVqqyDBiGIbpN8Lm2IYEEagOf58aYMn7WNlYLiik/wAWw6CLUJbGqx2NV8Vk0DlS2Wk/iFj6RivUHBuJ1bA5gh0ApUkjhBEGjuEGmVA3jfrzrhOBDrCtTSik8Y2PmNjXQOzvaoKhDvgUY3PhMcj+B+debqdIy95Df7yumwcWOI7NoBMqJNUM6zkNJMXPAVT7QZ63h0yTKlWSJuevQDn+dIWLxjji9ZN+Q2A5Cp9Ppi/ebj7xpsDKuJffU444SdTkzMkDlHVMCD0rXMcfilJKGyENmPAOQEATv+dMGVYXvrRfn+dW8xZZwqZVC3OHIV6YqgEC0U9OwOYjYB9U6VgpUOe1dCyvDBCEqMSRMSJm4nmIia55iXFOLBkzNrR7Cn7sblC1S46SZ57n+lPfTmra2POTpqAgIMvuYRRCVqJBJ2ExEbnr+dTsiDEEk2jiPLe9oplQIqVnDFSvCLnjxq5aIUbV4khqkm5gXB5O8sgQEjjJv7Dj0tTfgMClhIAjV93U9a3RpZTG6vu/rUbbhJk1rFUwOYI3PzxLqDW01Gk1tNDNM2mvVrNerpkkqRviKjrINEDYzCLiV30nn/ShGZsFSFAbm4HXin14UeeRNxxobjkwP19/6IppiIjdpUgBDg6e3M9BN6Uv/Uj7KlFpU7+ACeBIOgyFABMzuLQeNOnaBnvkKRq0mdQMSQRNwLT/AGMDjzt5ZS2FHSVi1zt5T0BM8Z6mvNr0wHuRzJags15TzzELCg+7rlwlXhCgAVSTMgAKmIA+UVaQw46yoqcQltR8JIvFp5wUiIPG4mgzc4h1KCdSExI1BIsInjHDaaJ4pnXN4KCm3ikpJVCSFRvHGI4dMYWAHWDeW8owxU6yhTwJK0/BJGmUzqk2M+Q2tTX2vxyWyTtpjSeRHKkrLl68W0PBhyVAJXI8CiFlBImFJUrQk2sOIkEk+2uVPqf0942viYUfDO8pI/O0c6VU05dlc4E9XR6ladM7j7SzhcyRiFg6gjEJ+Hgh6IVI2hXEp/Q1fXDpOoCJspJmYvEyDJnl50j5y4p14QfFtqMDrqMWHA24UYTmmLZQ0vEth5CwopJH7wBJ0qkxtxvMjjRHTHBX6fiMoa/G2pMZ1gm1q7wKUCq8kybRAHGRfyq9gcWxhkdymFFZSpRsQZiAkfEjgZ4fKpFpS8lLikOJSQYS4hSJ6hZhO3InhaKlwOUkqW54UykglS5iZTwHIgQL+Vaz93a/SNQi+5IVyrEqSNXeLQswoJIJ1RNlaZgXN+EmujZfjQZvN4ibf3iueZJh8Ow7q1qUoiDcRYybRuSL0dw+ZoIhJsnafy5VA5s11j2O/mMma5axiE6XUIWDsFAH1vsa5r2n+jgJleFOn+EkkenEfOnnBZmDA1XImpMTiwAJNjY+daK5TIx9oAS+DmcPbK21926kpWnaePUcDTRlpC0+IdKJdqsuS8CCIULpVyP5cxSZlWYqQopVYgwR1FU37ZNy8ztvZNniMzuUSJSJG9UTgzMRTBlmYJWIJi1FEZaj41RpHueQA3J6VKaxU2MsUC2Yh43J1KEmZSLGbgbwOQ3tVTC41KPC8bjaBJP5Ux9pEuQSo6E8AD4vltSY3l5UqwMnbnVtH+4vek1V9jYj9kWYBLSykDSYGqfEDe3rNeGQqeOt2w4A/j1qfs3lwaaGogrmYINrR79aPMYHWoazw+tcDhzAn0406jpwrXPMRWrboPy7JcM2Zso9Lx7UwYV5JgJBPCwNXMuyt0j6oE7wIA9AATRBPc4caioqVtqUSethx9BV4so8pITfia4XLCRqWdKfnUuJx6GxpQPz9eVCMZnK3D4ZA58fTkKgZFTVNT0SNSgeWhBDhUZNEGKoYdNEGqBPMxjSyk1tNaCszT4mb6q9Wk16umWk81ma0msg1060kCo8q0fbt0rIqNT0b7UauBgxbJfIiznGFbSdQKgeJk/OAa4z2qwq2sQskS2oKKD8QJ3iQTETx2gV9Cv4VKhYA9KU85yNtyUd2RIuOHpsfaT0rXphoh1vOP4XEdw02kJQSspUtcbBRRxVsQLWi5NzetsAO+bUtSlaioyAQSiCLTMqkTe2/Kpu12SuYciVBYMwTqmbwCFAXEn3NR5ToQy3pJsT3pj4T9ad58JEQCdtuEVRNov1vJiLCDWnEJeSXV6FhbQtMbjUZjwgfaM77Ux4h06VLABF0pI3KREiQTEm8G9j5UpYjCuhzvkJkhSSE3mZKthcjyq23j9YUoNEJMGxnx8zqJJk3nh0FE6bgCIRW4BEkYypnW2Q6udcGEgEkCQEFUAE8FKtcGLRTgyVAAKZahpC0Jg94UpXuk+M6jdajqHC8SBSEM0IUhIBQAoGRJUkyFSBPxCAP5U8RRZzMMSUGfFrUViNpULza8nTYx86yorEAGYb2zDOe4lSgsFezZ0ApMAkSIJgGbX8p6KCw6B4HJAAJBUSDvxNgbG01YdbdaUe88SfhUmCUkeKADwTEm1GBk4dSHEBbRJMTdKrJtE+FI8xvBiLCtqYt0nK5Tgxew2NdUvSFSbcfxptyZawkkwRp1CSIngOZB2tefKkzEYJTayPFrt4QkzfoNoowjMlsoEtaZjSSN9pJEwTIFo6GirU9w7sc1ep+kx6RmaEkIiFAnlFoBESY3N5ipjmyVbke9I+WYoKSF6gCFEqk8TERa0/16VQzUutOKiyTted/nz3+dRjSbja8p0msK918x5xOJCxEiaQM+a/+4cjmPfSKtZY86tWx9KJf+m3nVEgGSSfeqdPp2psZXX1AqKBBWV5gtNjcc+P9afMuzhQSgp8QM247R6catdn/o8TAU9HlP5U5Zf2UwyPgavzkz7zPsaOroxUN5lPVFBaIhwanValDWo7AHwp8rXPWi2A7NXB7squJIB//qOtPbGWNNXhKT7q/pUeMzhprkD1uT5JFOWiqDJsIo1SxxBuA7M2lXhEkkkgcrQLbW96IJThmBIAUR9ZWw9TQDHdpFr+H3V+AFqEPPqWZUok9fw5UD6lF8IhrRdvEYw5h2kKrIv1NkjyHH1oQXFLMqJJ61VbFXGUVI9RnOTKFRU4lhhNEcOiqzDdEsO3RosxjLDKKtIqJsVMKqURDGSTXhWk1tNHAm816tK9XTrSeayDWhrKa6dJJqnizVoVTxdLqcQk5ldD5TVn9pSoQoA+f51RVWopSVmSMakrTOaZM2+kpJERsoAj7qSM3+jfSlamisW+FIStJ9zIp/Z2q1hN6uFnGRIHpgXE+cM0yjENCFJUFAncFMi3ONonjvQzBYZxJCj4YMwqTO8mOI2B9TX012j/AMM+Vc9xP/s3PNX30JpWEQVsJyzBZKtbniFxpKRPhMmLxsIgyOBB2M1ccwIbgrcJCdhvchRVKYNgIPnbnR3Af4Kv9yP/ABoRj/jV5K+41GXLNaKLEmXV5gQykX8QgJ4kfbUNtO4jjbaL+S7KEpAOtKTJKwVW0qnUkgFOyfisEmagX/7dv/4T/wCVCnNkf/Gr/wA01iIGM5Rc2lNOZOd8VoUQdSiIMgSCLTxvY8DFSYt5JG5uOg2kbRaLET/Wg7X4VdwHxj0qsoLxxQSTBNurOltK1TEFKVcIIsmeVdE7L9mn3YViUQALJUZUoniRePeTJozkHwJ9K6VkPwCjFMczQoJvFvLuyQG6NI9BTBhcrbb20jyEmruI3qpj/wDDV5GmHAvHAXNp7E41lr4lJH+439hc0Gx3a5As2FK/6p/P5UoL+JXmaxXnNqmOBiXLplHOYSxedvOfW0jkm3z3+dDprBrFTsxbkx4UDibTUiBUKanaobTTLLKKIMNVWYonh6aogEyxh2qvNpqBr9fKrKaoURLGSCtxWlbJpoizN62rQVua2ZPaqxW1erp0/9k=','jpeg'),(4,'AneQ','Lorem q1D308uz ipsum dolor sit amet, consectetur adipisicing elit, sed do eiusmod tempor incididunt ut labore et dolore magna aliqua. Ut enim ad minim veniam, quis nostrud exercitation ullamco laboris nisi ut aliquip ex ea commodo',58918,'0',1,'2017-03-06 16:42:45','2017-03-06 16:42:45',NULL,'/9j/4AAQSkZJRgABAQAAAQABAAD/2wCEAAkGBxITEhUTExMWFhUXGRYaGBgXGBcfFxgeGx0XFx0dGx4aHiggGBolHR0YITEhJSkrLi4uHR8zODMtNygtLisBCgoKDg0OGxAQGzYmICUtLSstLy4tLS0vLy8tLS0vLS0tLy0tLS0wLS0tLS0tLS0vLS0tLS0tLS0tLS0tLS0tLf/AABEIALkBEQMBIgACEQEDEQH/xAAcAAACAgMBAQAAAAAAAAAAAAAFBgMEAQIHAAj/xABEEAABAwIEAwYCBwYGAQMFAAABAgMRACEEBRIxQVFhBhMicYGRMqEHQlKxwdHwFCNiguHxM0NTcpKishY0cxUkY8LS/8QAGgEAAwEBAQEAAAAAAAAAAAAAAgMEAQAFBv/EADIRAAIBAwMBBwMDAwUAAAAAAAECAAMRIQQSMUETIjJRYXHwkbHRQoGhFCPhBSQzYsH/2gAMAwEAAhEDEQA/AOjRavAVtFZAqeVzAFbgV4CtgK206eArYCq2JxyEbmSdgKGOZq6uzaY3iIPlJPE8PT0wkCcMw9Fal5A3UPcUAbwL5lTqzED4jsduQgfLerIye2oK1HhBF+O5Fr13ePAgM1oS/b2v9RPzrAzNn/UTS52ffbxWtIChoOkyFCCDMC4nhBvx8zbVgGCQjUANhEjpHxdd+taQ9uPt+ZytuPz8Q83i2zsoGpkrB2IPkRSqcnw/elrvT3gTJSfsnSknUQZ2TeZqvmWZM4f4n0EjcIJMdTwSPPbpQkuvI+fzCtu8GY6RWFqAEkgAcSYFc3c7cOgfuhY/WVEekwD/ACyelLOadpyo6nsSVG3hTeNxaQBHkEkc67tPISpNGxyxsJ1PMO1mFatr1k7adj0CjYnoJNLeZds3zOkBpPM2Puq89NKeF6BZDkWJxqO9Z7pltVi6slbpjfw7x0WflFN+W/R5hUkKfUvErH+oYQOFkJ4dCTQ99oz/AG9L1P1irg87dU7LHePuj/TSSBPEkyQPMkV03I1PlhBxCdLsHUJBi5iSLTETHGas4bDobSENoShI2SkAJHoKmo6dPZ1idRqRVsAtvvMHaqeFsoirbirVRZ+JXOnrImmcc8EjrUGBxKimCPhmP0KgcuqDuN6u4ZuBRkYigcwlg3ApM1gN6STMzVbKlfEOtX1msBxeaebSgtSjsUn5H51vg2wmdUX5kUJzd1xABbRrlQBE7C9/uqDB4hSwklOknhy+6lmrY2tGdl3d0PsNgLMGRwjh5mpibiqGHxaEpgGVTepE44E7T7UfWD0tL4rR7VHhietah4RIO288K2Q8DxooEjwTSkzq+VWwK0Cq2mumSNWoTIBHCJn1rTWo7J96kU+naazQGMWQaV/w/OvVPXqy5hWEDaa2Ar3Csg0qOnoi/CqGLeWrwokff/asY95RUEp9f69BPyJ5UVwOECEifi5muUbotzYcwY3k6RK3L8SP1v6/K9bZfjVFRScOpsRKVSCgjhexB6RRU6gYMVo4kJGpaglI4kgAepqhVAivSLeK7UYb94lwqQWrkQRq6J5n+9qB5R2vcC0B/DpZw7xIQuVG+w1qNiYHpF6I5z2jy2TpbGKcTH+GgFKT/vPhT5ilPtB2wW+NKgy0kbJQlLix/MrwJ9DNIauq9bmWpoK9Tjuj1/HP295N25l7EhLa0MIZR/jAaZMToChY8BHCJ51rkHavFMNKSV/tVzoURCU34uKIny9ieI3B5NjMT4kYdZB/zcQfDHTXAI5aUk0ba+jtYTrxGJUpRHwtIJSIE/Erh5JFqHfVfKi0Yun0tA99tx+dIBzPPu9UtxxxKVqACu5TBhJMAqIv66h99R5bl2JfWENMpQo7LfVCvNKTKpPNKAKdsq7KsJu00gFO61E6pvfUokn7uVDM/wD2PCwWcV3b4UCVoWTymyRcnmRXdmAbuZp1VRhtop/HwCKXaPLU4c6XX1uOAwvSk6En7MXUVeoon2Z7BoxSA8NYM21jlxAn7/QjehiFEYlWLX3jylLUv94ENNSoaSSVmVQDFgKJYztliNMd+G0C2jDpgRy1r0/Kaw1KYFgJg01eob1Db3j/AJRhUYBvSt1KYt4ikQBwFhKekc+N6xjPpEwqSUtJcfWODaTHuRt1iuSYvHFI71bSing46HF6vIq0oUf5TVns6w/j3koGtDI+JRskCFq8KEwn6pF+lLG8cRppadfG1z88vzGnMvpFxijpAZw3r3jnsmY9Qn5UuuZtiHnUnvMQ+6khSQCQAQZBDaNSt+oro+XdgsA2ApSVvH/8ivD/AMEaUn1BphYLbKdLSENp5ISEj2FaVJ8RndvTTCLNMpxjy8OyrEI7t5SfGmIggkbfVkAGOE1sl2FVTzLHWBHA1XbxBcI02HEmnK/FpA65l5sSta+Zt6Wq1hnSSroKqqEJgcq2yp4qC53EfjTd3SJ2y1gXIKverrj02FB2mFKXYwOJoqYArU4gtzKuK2ochV6u4gzVXRXbbm8INYSxlbJ0rMXvQ59am1atwN/LnRrAO6aizjDiAYlJ5bpPSsPcHpOHexN8FikrGpJkRw6zWi4/taha8IplhYYgurMgLOkcBHIGJ2i5FCG84xSbO4R4dUJ1j3RNdzOvbmNGr+JXua2SeZJ8yaCYbONVu7eB6tLH3ijOHaWd0kDnau2Tt/lLKVW2q/hT4RUDDPNU1cFcxHAnAHkzNYrNYoIcCKXUmFvq8vxE/Kl/Nu02Ew4/ePJkfVT4lew29aXMb9ILonuGA2CCNb5ifJAufSamLjrLl0tRxgfWO2EaHegmOZPK439z71R7SdqMK2dIxMrGzTSA4SRfhEH+YVyfNe0Ljs96649/CDoa5/Cm52O5TtRLA9nH3WtaVpSg/Ehoabcyfreur8KNarnwiF/R0aX/ACvc+Q+fiMObfSQ/cNobY/icOt3/AIJsk9FH1oCxh8fmBCktvPgx+8fOlkdUiQiOg1eVM2XtZPhNJ8DjsAwQXXQeiYhJ6hIrfMPpF0n921FjBfWEf9Eyr5Desax8bX9pRTLjFClb1P8AmaZb9GqiAcZiSQP8tmyB/MQPkgedMScjy3Bpksspj6zkKX/ycJPtXM8x7Tv4hc6ipR2DLYTtyUvUo/8AGvYfIMc+qzASd9b5JN+feSeeya1XHFNYL6djnUVf2Hz/AMnQcb2/wqZDSXHyLQ2nwi3FRsKV8d9I+IUSEBlgefeOR5Dwg7bxWMH2CdWrTiXlmDsg2A5yqRHQJFNWW9h8C1cMJWebkr+SvCNuAowtV+TaIZ9JRI2ru9/lpzJGY4jFLKR+0YmTsJDYm90t2HvV1jsljlOBIbbY1R9gEb8RqUbcJmuvMYSDAVCRskQPSw2qdRQk3iT71q6ZeTBqf6i5G1QAJzzC/Ro2lQLzjjxgSR4EzcXJKl8tiKuZrhMHgwnuWmm1/WdKSpYERAKtSyomISDwpjzZT7h7tmED6ziiTHkkWJ6k1bwmWN6fGmeMq4/jTgir0kjVnbJMTk9nEYhv9oeDiiojT3qVBUA6jpSq6QQk7gT7UYyPAIw7TiogJSRsL2UBcb3UBRx5feKAG3Cl3PMR+0ujBtGUIMvrBEBQ2T10zqn7egc4nfvNcfPn2mK+LSXLsWruGdXxFtBPqAa0exJNb4kSTFhsByAsPlFVwkjhU7tcytRiV8U8YiqmDzHQYNvxompqeFDcZlyVCFC3z9ORoRdciEQCLQujNEkb1PluYoCyLDVF+ZG330iYjL3UHwOkjkbkfnUmXJeDiCViApJPhOwIJ40YrkGJNGdWQNI61hxy0+VaOukEx0qDEu2irywEktNXFVFNRuL8PWahS786zfO2wi1WMa45pASYE3qNk9D8qJMgFJtRXuJgWxixmSjrIn4fCOVqpHHrR9r0IP3xRZ3JTzqNOSKrzStS95eNlrSi3nbuwC/l+dE8E66q6z6TU2HyaKK4fBBNGqOeYJKDiTYQGKtio0JrcVSosIgm82mvVivVsGcJY7PLbALzjGCT/EQp70Ek/wDYeVXmRluH8XdOYlf234Sg9YXAV7KNS4HsJjV3W43hwfseJfrG/wDzo5gfo4wiTqdU48r+JWlM+SfF/wBqiCtPeqail+pifQYHz94q5j2uCtQShhGo7Ib1ny1K0pGwFgdhyoQrFYh4QhlxwGdwpSbdEBKLdRXV8V2cwwaKG2ktcQpsBK0kbKCt5B5muf5ml3Dua1qXh3R8OLYB7pzl3zafhV1AIN/CN6LZc3Jkra3YP7a2g3LMudcVoeU6ymY0IaAn01ISNxzpqa7E4VI8AcWSJHeWP/SAf1vWuC7b5klIU/hGscz/AK2HI1dSrRqTPQpTRTLfpKyxVlF/DK4pcQoi/wDs1fOnqijpI31dR+SZns/lqsE2R43XFkboCQmJgWA1QDczeqv7Viy+VhhYQVDxtqBMJsUpCzAvNtt+c014TtXgnYCMdhl9FLQFf8SQavtFBUVJDapgWdOmOiTIB8qfuEjKsesXcT2kaSEtqQ4FyI73THnKb7cr1eRnYb/xX2z3klsok8ogAHhFvPeiOIwDTitS2G1ERcqSfPhIiTWy2WxB0NIgASFwQOQIuB5V2+aVMG5TClKc75xwkQQpATHppHp0oi3hCvxKSAOqiTaYsLD3qpiO0GGYSA5jMO2BwW6Co+WpUk0Bxv0kZak6UvOYhfBDLajPlbSfesL+Qmi8a28SUGCEJSLANqKirzlA0+Qmo8diYQXHnEstJElSyAB70j43tljVJ1N4dnANH/OxqxrP+1sX1dDNLSccrEOBbTeIzbEA2ddQpODaPNLaYFv4inzoTc8zsARzx/aYvNq/ZycNhRZeMd8JVw0tA+KTYbajaALGrPZxCQ3LaC20bN6hDjm/7xX2U76U9SoyTQ7Kex7zi04jM3UrWn/DYkd03y8KLDyFzxO83M3zhxu6W5BsFH8ht5UirVFMXM3ei+KGO7FYU2KSU9o8QqJVEzGkCnPs/mLjiLgWMFWlIn2F6kTVUy204jF1G42Anu75D2FRuYJatkKP8ppgbe6k+dbOMhQo1rK5xxHFiIpryRw/5Z+X41r/APQHOUXiJH9qPvSiZFuB4GtGcXO9T6nUUqbhF5jKYdheS4RhegJWLpETa9aPYRQFgT5A1Hje8KD3JGrhq260q47MnkK0rxSULNtN7bqmw5DjVg1dMgWvIazmmciMS21AXSR0ioUoM7R+vSaAI7RuwpYxailP1Q2L+RVY3ohg+07io1tgg/aSJ+4UAr0weT8/eLGrU8iGmG/XpFGMI3agis6aSNSkEDYkHY8rk0WwOaNLHhMdD/SqUqqWsDmH2imXNFe0VvXop1oV5rprYCs1mK6dMVtXhWa6dMVmvV6unQXFerYitTSrR00cTIil3ME6ZSoAg8CJB9KPuvpHGguaYpChFJqgWvfMdTibiOzeH7zvWXHcI59plRj1EzHQVq/gcyI+LB5gOTraA78tCp6kmiToPKoVNTSlrsMHM1tOpyMRcxeHQmf2jJXEcyy65HoCkiOkmg7reUA+LD45v1ZO17E3O/3V0FlTyfgdWBy1GPbapDicSd1JV/ubbP8A+s0wahfKKOlPQic4JymLHMI6dz58+o+VVivKZnuMYuftONAc90gmur4TAYl3ZjD6eK1tpCB68fSaNMYTDsiXEpdXezbBCLXtAJPqRPKmLVBzx74iaiinyROOZSyh1WnBZP3qubi3HEj/AHfClI81CnzKeyWPIHf4lnBo4tYNtHeeRXsk+SlUce7aNA6ChxsXhOgJHtNbuZkXG9bMkceY6EeXGiFej53k3ag8GUTkOW4TS4tkvOqgB3FKLq1EXF1+BJnkBU2I7aN92ook6I8HwwDfaIHlRbHMJW2WyAoRsYi363rm+aMPJWUhpZCiQrSiTEb2FwBefOvPbWVHchOIFQsIXwnalb6lLT4UoQqUn7QgXPEQZtyo1lmOTiEFtQEkbRAIIgkE8ZnakXs1hHUPBkoP7yRpIIVcSDB2FjfaJvXUMsytthKZILkHY2E3Mc/OlvUdXLHiFRotUNoKR2a75tBILakmCVbqA47XtYE0UU73UIMIAskcI6c/vomHjWr7aXBpWAR+tuR61E9qnBsZ6lCktHpeVWMV1q2jF0uZlgH2fE1qcRxA+NI8h8Q8vaq+Gzckwd5gja/4UKGpTlDU1bIjol9JEK9eVVn8AmJSdPQm1C/2wSEjciTx9LcatMYmRMCOv63q3eri1QXk21lPdM8pTiBJTbmLj8/eosdgMPiUgPNpcifFcKTwMKTBHoaIoxANhFR4hhs9D0MH8q5EAyhmMb4YRVxHYZpJ1MYhxrhpVC0zcCCYIg85oZjclxOGSpclwJG+kmYiTINo/ijjE06u4dYA0HWJ+1ChF+Nj6msF1aTurre/9/Sjb/sJO2lpvxgxGw3aVt5lTL4I1W1ok6diCQbmDG3KtchzBSl6FWUkwQJ8JTKTvTZnHZvD4qFqQW3Nw42YV/MBZfqJ6ilfG5O4yslaSJsHESQofxWuYF5I2txnqguJFUovTNzkRuyvNFalSoBI258Ot6PYfMUnf5Uh5evuiEqIJXqgjYEmQPKKLNqIJj05DgaOn/qFRWCOL+sJXNrxzQsG4M1tNLmGxxSd4PyNHcK+FjrXrKQy7hHK95PXpr0V6uhzM16tazWToMeeAobicSo7VdUzNa90kUo3MoFhAxwzi9zU7OXJG9EFk8BUf7Mo0AQQ9xlPEsIjahasHewplby3nVpGBQm6vbj/AErjRLQe1CxYwuWqWYSnz5DzPCiYwbDIlwpWrqYR7H4vW3SibrwiBCReAP1ekVxKnHVBwAqulUWkeFMiOIEVNXqU9P0uf4Elq6pjgRjznEYgoHcBBVxUojSgD7KIlR8gfI0i57lOPRLi5dHFSVEwI4gwQN+EV0BboZSIE8+ZgAe+woS5mDqyQDH+37q8qrrjUe5EW1JTzzEDLcQlVnSVNncSbdRyPUdaN5Cvu3u7S5Lbko8UyCZA24z8quZr2eQVd6PCTBWEpsOagBx5j150aynE4dAHdJSqNlGFKnaZ4HyitNZeek6lo3qNYdJD2eaxBVocBECFSnwztqCp3InwxvB22aUqgQnp61SXiQqTPCwqLDYrxDzH30NOoN1h1l9PTdms92nS6P3qBq0ghVvGEkgmDuRYSOlAsHnba4hQM2n+vKmlnGgnfzoB2k7JNveNghp08vgWd/GBsf4h6g1RUoLWO+8po1VQbGH7/mEMO9Im351Mysk2M+Vc6XmGKwSgnEIUkTAJ+FW+yhY+QM0wdns/QUqk7SZ5yeHrS+yCeKa6n9OY5l4AxvwqvmWFadT+8QFQRBkgj+ZMEe9UmMSDeZJrzrxJ+ce9NpNc5iCtpQc7POtkqw69Y4oVAV6K2Udt49aDHN1JXocBSUzqQux3ib04B6NzB62PCtsXhGnwEuIC08NQ2n7J3T5im2XgTrnrBGW5iVgeIAXtF423/XpRNnEDb4p4WMRvQLG9k3Wjrwi7f6Sz/wCKjv5K/wCVB8N2iUhwtvJU2tO6YggdZ++81gDKZtg3E6AjEieXQitnUoUPGB+uXL0pRbz0OKTKglI3PqKLoxMapMJAkes7ULVT14mdlL7TWyUmAJi9/wAxWSpad5I58Khw+IhInfc+tTIxY40DV19pvZmD8yyZt5BSCpkx/l6QB/LEEdBG/rXjli0gQdQAFwbmI362okkpVVbEY1CDEk+ogVlRwQGP1iv6UMbAZgzFpVAPw8yefK9G8iWe7BmeE+XlVZrGIVMwU7EGCP7Vo3maUHQ2kaZ+EdeUDeq9LrqaAbvn7QTon4EaG1yK2qrhnLxVmvYYSZTM16vV6hhQWEE1InDVbCK2CaEKIe6QJYFSJbqWKjxD2nz+6jAgM1ph1YT5/dVFbmqQFeKqDrxKz4rTz/KqOIx2hUAXHE/0/OkVtVSpCzGKPrNs6fcQmYFh4hwPCLepHnVHCMJSnvQZF4PUwQPS49Ku4hal6zAIkBU8RBuPWfcVDh8GEykLGlV9KpBSeY518zWYPe3HSYFzJ1NF1QmYhJ9xP41ewuBCdgJqJxxKU2PwgCegsKBYjNSeJ8RgRuDwj1t1mpwO9KBj3jOGEi5iaVzk/dOuFq6HDq/2mTai+Bw69ILhBXvA2HQxYmpnARVBVlW5GI9aG7JNjBbTTthpVcEz5fqa1wuIM6djqG43g/I/lRzL3HTKUiR9o/V8j+H3VRzx5nBjX8TqiPErZMwJjZIHP50+nSAUVE/kfbzlALk7GNz0/wAybDNR8RjjB3vxjcCiXfJPERXOGsc8XXVlZg6QVlKtMkAaUAeI3mb2vcbVFmueP4dJLel1bapWkKErBsNIJnjMAE2400dteygZ4hNQWxN+PSdLxQbcSW3EJKFCCFBJSR5HekjOvo/A/eYJwJVBlpSiUKB+yTJQeMGR5UXazUFttalBBIHhO8wJF+O1EsvxqVETx2UDx601K24ZiSjJxOZ4HPXcK53T6FIX9lX3g7EdRIptwectveJKhNuP6mmXN8jYxTZbfSHBukmyknmlQuD5fOub5z2DxeEleFUp9v7P+aB6WXx2g8kmj7EcrzOFXdzHMYlSjcyPuM/jVpjGmLmw6XNcxyvtOtJKXCQUggpUDqBvYg3BpqyrtEhUbbf094pDblPejNlxiNqMYeKojhFaZnlmHxSAl5sLtY7KTP2VJun0NBRi0z8QI4Rxm81ew7trG9z+uVLWsb2mGn1ilm/YXENeLCud8gfUWQl2OQPwr9dPrVTB52Ur7t9KkLTulYKVb2sbkG/nzrobWJMAjY1riQ08NDraVjkoAj0nY9a5qyPh8Q03D1gjB48OAmeX3VebBJjh+vaqeI7PYZF0OKaO8BWoeoVceUitGMXpJHeJUInVMC3FXKp3UK3nHqLi6y1i3+7Ckk3mBG56Ch/iKtpXuE7hP5+dYzTNGkN/tC1ADTM8AbTA3JKrDjtSknP1rQ5JKO8UjQB8WgSYPQmCee16NKBb2ELdYW6xlzjMO5BRJ1ESTy6/fWuSY8qKTvI5C0/ja5oA+HcY6ElUpSAFKgCYvFuO5NN2CwKUJAA2r1NJowAH69JHWr37sO5Qs6xTEveg2T4eBPPajC969W1lnnk96emvVrXqGdJa9WJrwvWzphxzSJ9qBY3GASSaJZg58qUu0OIW2hS0iSBsduX41rtsQmJZusH5fnOtd1BNxY8AevPrxqXPcSUv22++kHNMySSJSEyTKto9vxo3l2dyEhR1GAAqxEDa9fNVKTWJPWI7Q2tHnLXV92rULkj7p9d6y+ySJAgg/r+9DsNmRgOEykwIEWgb+dGEY1QMk+lr1GwHhY4ldNgRBz+IOhQI3j5Xpfw2KDa1OHcklA+zO589wKb8S2hwFaIHOxjlfkaTMX2cxTjwCQkIJ+MqGlI5wDJPIfdch1KiQ1ryqht33aNmV4yUibk7DiSaPM4UEDUKpZLk7eHFpUuIK1bnyGyR09yanfxgAJ5V6FKlsW7w6jbm7svOPJQCdgBflFccz/tIpx9whUAwEweRSQeW/A8xTtmGa60KbBEqt+O/5muX59g3inun0bKSdaZg2AMlNjISjfkDRB0qPY8COpKaYJHMI4bGNuIWH0FQ1BaiVEFSo0GCmJtzO08xW2ctjvEuo0iVRHi+tOwElUBIk9RztQ75BZLaUg7GfrAgiDcT/c1d0Lw7QxD6dShPdt7FajspXFKBueJodvex7Wjt9smUs8zcqd8IKQgBPmQTJjh/SmbstmpCNJIN+IuPWuV4jM3itSnfEVGSeJmimVZsmR4rcjTamnIXEnWsrYM7jhsYoKA1KVqgwN/c8KNd/bbVbb+9c77P5smZJ4b/AK9aZV5wlKdRXbz/AFepBX2YmtRJOJczTJ8Piv8AGwra4EBRELA6KTBHoaUs2+jop8WEdKT/AKbqiU/yrEkfzT50caztazCQY5qsPz+VEU4hUwVyTwA/P+ladX5j62mCky8Gc/w2HxzJ0vYVw8AoJKxHOUSOvP2pkweIhEKSU8taSJ96YXsQhMAyTzk/KpVPoKYKQoWMK8Q+dKcIzHIHz2h9obZEDtuypIF4jatcxe0OaU8Rfz5egrTNM2ZQ4lKUjWqPhtAmJPCOG16DsZhrK3T8KSYJ5evP8qRtuLc55lKKbbvSZzjHJZ8SjczY/l5Up4rFLeJ0q8JIlMRIsbnje/pVTP8AMy+9IMpFh16/rlVnJUXmJj76sWkKa7usJGvDeHyxju0jEAuCZSi+54jkaGp7ONd+FYfvESfGhSytIAFjJuD8IuTtRrBMqXckAzc/ZHHy/OiAdCDpbAjmRJJ6fq9U6Smz3LHu/eTamooOPFLeWZchpASkUQbF5iaAvurXuoRvAI4XPnUmXtrUtKRJAIMSY3+XlXqhhewnnlTyY65c4pRk2Smr9QYdrQAnjurz4CpZomPSKA6zNer01ighSQmtkcT0qMmthsaNeYLcSjiBNLfaJlakFCCkKVIBVtIg39AfWKZXN6A50kFEm4JIisrZQiIYXEQV9gcS6dbjjAj6oUsz0+EXNexfZjENCUlASnikOCB5RJ8gDTC1mEK0vbjYgdI9440WbxCQjvEqkbc/Yc5I+deO7i1uIgKDEHC5laS8k7XSVCfPUkA0WwmfEKTqUlQEC28DjvFqE53j2HHFILBCx9hKwQZ8WoJMFUDaJ9q9l+JwSUyJDiSSNRUdjII2B4WgmZF+Mz6e4vacjWODOkYJ5O+kHVBBIIVeOB4castOuagEFIF5EbDnO8z19qU8P2qakqUk6p8SekCCDsZ/XGjDWdApU2E6VRqQNiob+h3t/WupkU1zPfFGy3GfWGF4i91yOSRc+toqs86hSVCFGIkAp1XnYRfjQbD5k2seFSg5fwr2MTtHnz4Us59mrrSwQpevUANJSRMxc7EzaL70Bas523+katFRGnE4XDuEpC3G1wDeFATta3S00EzRnE4cFZJcbF9bclIH8Q3R6iOpqrie0aDAxCQlZsYuFkEEBBEqkkfDcVpl3afS9KdWkkA3FjcGYF7Rv/YhScC7L89OkNRfCnPl8zBv/qxYMgiJ3hMnyJrLmZN4hOp4hAHEJkmd5k3PrTUvsrgMagqSgsLFtTUAeqPhHoBShnf0eY5sfuil5H8J0r/4m3so1TT7M8Y95MzMDkQbjRgnBEOEiwOpI6/ZpfxOWN/5ZI9b1hwrbJbcSpCh9VaSCOsED3rDT4JvvVqqyDBiGIbpN8Lm2IYEEagOf58aYMn7WNlYLiik/wAWw6CLUJbGqx2NV8Vk0DlS2Wk/iFj6RivUHBuJ1bA5gh0ApUkjhBEGjuEGmVA3jfrzrhOBDrCtTSik8Y2PmNjXQOzvaoKhDvgUY3PhMcj+B+debqdIy95Df7yumwcWOI7NoBMqJNUM6zkNJMXPAVT7QZ63h0yTKlWSJuevQDn+dIWLxjji9ZN+Q2A5Cp9Ppi/ebj7xpsDKuJffU444SdTkzMkDlHVMCD0rXMcfilJKGyENmPAOQEATv+dMGVYXvrRfn+dW8xZZwqZVC3OHIV6YqgEC0U9OwOYjYB9U6VgpUOe1dCyvDBCEqMSRMSJm4nmIia55iXFOLBkzNrR7Cn7sblC1S46SZ57n+lPfTmra2POTpqAgIMvuYRRCVqJBJ2ExEbnr+dTsiDEEk2jiPLe9oplQIqVnDFSvCLnjxq5aIUbV4khqkm5gXB5O8sgQEjjJv7Dj0tTfgMClhIAjV93U9a3RpZTG6vu/rUbbhJk1rFUwOYI3PzxLqDW01Gk1tNDNM2mvVrNerpkkqRviKjrINEDYzCLiV30nn/ShGZsFSFAbm4HXin14UeeRNxxobjkwP19/6IppiIjdpUgBDg6e3M9BN6Uv/Uj7KlFpU7+ACeBIOgyFABMzuLQeNOnaBnvkKRq0mdQMSQRNwLT/AGMDjzt5ZS2FHSVi1zt5T0BM8Z6mvNr0wHuRzJags15TzzELCg+7rlwlXhCgAVSTMgAKmIA+UVaQw46yoqcQltR8JIvFp5wUiIPG4mgzc4h1KCdSExI1BIsInjHDaaJ4pnXN4KCm3ikpJVCSFRvHGI4dMYWAHWDeW8owxU6yhTwJK0/BJGmUzqk2M+Q2tTX2vxyWyTtpjSeRHKkrLl68W0PBhyVAJXI8CiFlBImFJUrQk2sOIkEk+2uVPqf0942viYUfDO8pI/O0c6VU05dlc4E9XR6ladM7j7SzhcyRiFg6gjEJ+Hgh6IVI2hXEp/Q1fXDpOoCJspJmYvEyDJnl50j5y4p14QfFtqMDrqMWHA24UYTmmLZQ0vEth5CwopJH7wBJ0qkxtxvMjjRHTHBX6fiMoa/G2pMZ1gm1q7wKUCq8kybRAHGRfyq9gcWxhkdymFFZSpRsQZiAkfEjgZ4fKpFpS8lLikOJSQYS4hSJ6hZhO3InhaKlwOUkqW54UykglS5iZTwHIgQL+Vaz93a/SNQi+5IVyrEqSNXeLQswoJIJ1RNlaZgXN+EmujZfjQZvN4ibf3iueZJh8Ow7q1qUoiDcRYybRuSL0dw+ZoIhJsnafy5VA5s11j2O/mMma5axiE6XUIWDsFAH1vsa5r2n+jgJleFOn+EkkenEfOnnBZmDA1XImpMTiwAJNjY+daK5TIx9oAS+DmcPbK21926kpWnaePUcDTRlpC0+IdKJdqsuS8CCIULpVyP5cxSZlWYqQopVYgwR1FU37ZNy8ztvZNniMzuUSJSJG9UTgzMRTBlmYJWIJi1FEZaj41RpHueQA3J6VKaxU2MsUC2Yh43J1KEmZSLGbgbwOQ3tVTC41KPC8bjaBJP5Ux9pEuQSo6E8AD4vltSY3l5UqwMnbnVtH+4vek1V9jYj9kWYBLSykDSYGqfEDe3rNeGQqeOt2w4A/j1qfs3lwaaGogrmYINrR79aPMYHWoazw+tcDhzAn0406jpwrXPMRWrboPy7JcM2Zso9Lx7UwYV5JgJBPCwNXMuyt0j6oE7wIA9AATRBPc4caioqVtqUSethx9BV4so8pITfia4XLCRqWdKfnUuJx6GxpQPz9eVCMZnK3D4ZA58fTkKgZFTVNT0SNSgeWhBDhUZNEGKoYdNEGqBPMxjSyk1tNaCszT4mb6q9Wk16umWk81ma0msg1060kCo8q0fbt0rIqNT0b7UauBgxbJfIiznGFbSdQKgeJk/OAa4z2qwq2sQskS2oKKD8QJ3iQTETx2gV9Cv4VKhYA9KU85yNtyUd2RIuOHpsfaT0rXphoh1vOP4XEdw02kJQSspUtcbBRRxVsQLWi5NzetsAO+bUtSlaioyAQSiCLTMqkTe2/Kpu12SuYciVBYMwTqmbwCFAXEn3NR5ToQy3pJsT3pj4T9ad58JEQCdtuEVRNov1vJiLCDWnEJeSXV6FhbQtMbjUZjwgfaM77Ux4h06VLABF0pI3KREiQTEm8G9j5UpYjCuhzvkJkhSSE3mZKthcjyq23j9YUoNEJMGxnx8zqJJk3nh0FE6bgCIRW4BEkYypnW2Q6udcGEgEkCQEFUAE8FKtcGLRTgyVAAKZahpC0Jg94UpXuk+M6jdajqHC8SBSEM0IUhIBQAoGRJUkyFSBPxCAP5U8RRZzMMSUGfFrUViNpULza8nTYx86yorEAGYb2zDOe4lSgsFezZ0ApMAkSIJgGbX8p6KCw6B4HJAAJBUSDvxNgbG01YdbdaUe88SfhUmCUkeKADwTEm1GBk4dSHEBbRJMTdKrJtE+FI8xvBiLCtqYt0nK5Tgxew2NdUvSFSbcfxptyZawkkwRp1CSIngOZB2tefKkzEYJTayPFrt4QkzfoNoowjMlsoEtaZjSSN9pJEwTIFo6GirU9w7sc1ep+kx6RmaEkIiFAnlFoBESY3N5ipjmyVbke9I+WYoKSF6gCFEqk8TERa0/16VQzUutOKiyTted/nz3+dRjSbja8p0msK918x5xOJCxEiaQM+a/+4cjmPfSKtZY86tWx9KJf+m3nVEgGSSfeqdPp2psZXX1AqKBBWV5gtNjcc+P9afMuzhQSgp8QM247R6catdn/o8TAU9HlP5U5Zf2UwyPgavzkz7zPsaOroxUN5lPVFBaIhwanValDWo7AHwp8rXPWi2A7NXB7squJIB//qOtPbGWNNXhKT7q/pUeMzhprkD1uT5JFOWiqDJsIo1SxxBuA7M2lXhEkkkgcrQLbW96IJThmBIAUR9ZWw9TQDHdpFr+H3V+AFqEPPqWZUok9fw5UD6lF8IhrRdvEYw5h2kKrIv1NkjyHH1oQXFLMqJJ61VbFXGUVI9RnOTKFRU4lhhNEcOiqzDdEsO3RosxjLDKKtIqJsVMKqURDGSTXhWk1tNHAm816tK9XTrSeayDWhrKa6dJJqnizVoVTxdLqcQk5ldD5TVn9pSoQoA+f51RVWopSVmSMakrTOaZM2+kpJERsoAj7qSM3+jfSlamisW+FIStJ9zIp/Z2q1hN6uFnGRIHpgXE+cM0yjENCFJUFAncFMi3ONonjvQzBYZxJCj4YMwqTO8mOI2B9TX012j/AMM+Vc9xP/s3PNX30JpWEQVsJyzBZKtbniFxpKRPhMmLxsIgyOBB2M1ccwIbgrcJCdhvchRVKYNgIPnbnR3Af4Kv9yP/ABoRj/jV5K+41GXLNaKLEmXV5gQykX8QgJ4kfbUNtO4jjbaL+S7KEpAOtKTJKwVW0qnUkgFOyfisEmagX/7dv/4T/wCVCnNkf/Gr/wA01iIGM5Rc2lNOZOd8VoUQdSiIMgSCLTxvY8DFSYt5JG5uOg2kbRaLET/Wg7X4VdwHxj0qsoLxxQSTBNurOltK1TEFKVcIIsmeVdE7L9mn3YViUQALJUZUoniRePeTJozkHwJ9K6VkPwCjFMczQoJvFvLuyQG6NI9BTBhcrbb20jyEmruI3qpj/wDDV5GmHAvHAXNp7E41lr4lJH+439hc0Gx3a5As2FK/6p/P5UoL+JXmaxXnNqmOBiXLplHOYSxedvOfW0jkm3z3+dDprBrFTsxbkx4UDibTUiBUKanaobTTLLKKIMNVWYonh6aogEyxh2qvNpqBr9fKrKaoURLGSCtxWlbJpoizN62rQVua2ZPaqxW1erp0/9k=','jpeg');
/*!40000 ALTER TABLE `products` ENABLE KEYS */;
UNLOCK TABLES;

--
-- Table structure for table `roles`
--

DROP TABLE IF EXISTS `roles`;
/*!40101 SET @saved_cs_client     = @@character_set_client */;
/*!40101 SET character_set_client = utf8 */;
CREATE TABLE `roles` (
  `id` int(11) NOT NULL AUTO_INCREMENT,
  `name` varchar(45) NOT NULL,
  `created_at` timestamp NULL DEFAULT CURRENT_TIMESTAMP,
  `updated_at` timestamp NULL DEFAULT CURRENT_TIMESTAMP ON UPDATE CURRENT_TIMESTAMP,
  PRIMARY KEY (`id`)
) ENGINE=InnoDB AUTO_INCREMENT=3 DEFAULT CHARSET=latin1;
/*!40101 SET character_set_client = @saved_cs_client */;

--
-- Dumping data for table `roles`
--

LOCK TABLES `roles` WRITE;
/*!40000 ALTER TABLE `roles` DISABLE KEYS */;
INSERT INTO `roles` VALUES (1,'Administrador','2017-03-06 16:42:44','2017-03-06 16:42:44'),(2,'Cliente','2017-03-06 16:42:45','2017-03-06 16:42:45');
/*!40000 ALTER TABLE `roles` ENABLE KEYS */;
UNLOCK TABLES;

--
-- Table structure for table `users`
--

DROP TABLE IF EXISTS `users`;
/*!40101 SET @saved_cs_client     = @@character_set_client */;
/*!40101 SET character_set_client = utf8 */;
CREATE TABLE `users` (
  `id` int(10) unsigned NOT NULL AUTO_INCREMENT,
  `name` varchar(255) COLLATE utf8mb4_unicode_ci NOT NULL,
  `email` varchar(255) COLLATE utf8mb4_unicode_ci NOT NULL,
  `password` varchar(255) COLLATE utf8mb4_unicode_ci NOT NULL,
  `remember_token` varchar(100) COLLATE utf8mb4_unicode_ci DEFAULT NULL,
  `created_at` timestamp NULL DEFAULT CURRENT_TIMESTAMP,
  `updated_at` timestamp NULL DEFAULT CURRENT_TIMESTAMP ON UPDATE CURRENT_TIMESTAMP,
  `roles_id` int(11) NOT NULL,
  `cell_phone` varchar(30) COLLATE utf8mb4_unicode_ci NOT NULL,
  `telephone` varchar(30) COLLATE utf8mb4_unicode_ci DEFAULT NULL,
  `cc` varchar(30) COLLATE utf8mb4_unicode_ci DEFAULT NULL,
  `address` varchar(400) COLLATE utf8mb4_unicode_ci NOT NULL,
  `neighborhood` varchar(150) COLLATE utf8mb4_unicode_ci NOT NULL,
  `deleted_at` timestamp NULL DEFAULT NULL,
  PRIMARY KEY (`id`),
  UNIQUE KEY `users_email_unique` (`email`),
  KEY `fk_users_roles_idx` (`roles_id`),
  CONSTRAINT `fk_users_roles` FOREIGN KEY (`roles_id`) REFERENCES `roles` (`id`) ON DELETE NO ACTION ON UPDATE NO ACTION
) ENGINE=InnoDB AUTO_INCREMENT=4 DEFAULT CHARSET=utf8mb4 COLLATE=utf8mb4_unicode_ci;
/*!40101 SET character_set_client = @saved_cs_client */;

--
-- Dumping data for table `users`
--

LOCK TABLES `users` WRITE;
/*!40000 ALTER TABLE `users` DISABLE KEYS */;
INSERT INTO `users` VALUES (1,'YGW5DcC6RF','K0fobgl2pM@gmail.com','$2y$10$g11s4rKlPbqlKqE9/5SzFeJbE1AxcAYLFc3vUFVSCa6mdsNgtMJrO',NULL,'2017-03-06 16:42:45','2017-03-06 16:42:45',2,'SNxcWdJLTr','1NAxuHb','S9FRMFIlw3lj','Calle zLJ Avenida E5S','Colombia lY',NULL),(2,'bO1IkePhAK','GA0kLw8z8P@gmail.com','$2y$10$OpYJvewOdt8cHfzoMqfOp.0Vvc4BG3zujRn7EFUuwThweSUZWaC8y',NULL,'2017-03-06 16:42:45','2017-03-06 16:42:45',2,'QanDdGBOy4','N6bsuI2','dr1kmiI0i4ek','Calle BBG Avenida Rw0','Colombia Iq',NULL),(3,'a07vRQfJaY','aweKkAkjEQ@gmail.com','$2y$10$YxLLxCo6.PwPIXb7E7yd2uv4VCsR1c1tEaNnO2A0.6X.TjuNMBuLi',NULL,'2017-03-06 16:42:45','2017-03-06 16:42:45',1,'oKt0saAjdV','fBThw74','6VsFw4lfZK09','Calle l6r Avenida JvA','Colombia sQ',NULL);
/*!40000 ALTER TABLE `users` ENABLE KEYS */;
UNLOCK TABLES;
/*!40103 SET TIME_ZONE=@OLD_TIME_ZONE */;

/*!40101 SET SQL_MODE=@OLD_SQL_MODE */;
/*!40014 SET FOREIGN_KEY_CHECKS=@OLD_FOREIGN_KEY_CHECKS */;
/*!40014 SET UNIQUE_CHECKS=@OLD_UNIQUE_CHECKS */;
/*!40101 SET CHARACTER_SET_CLIENT=@OLD_CHARACTER_SET_CLIENT */;
/*!40101 SET CHARACTER_SET_RESULTS=@OLD_CHARACTER_SET_RESULTS */;
/*!40101 SET COLLATION_CONNECTION=@OLD_COLLATION_CONNECTION */;
/*!40111 SET SQL_NOTES=@OLD_SQL_NOTES */;

-- Dump completed on 2017-03-06 19:15:06
